OBJECTID,SITE_NO,LAN_FA_TY,LOCID,EFF_DATE,FAA_REGION,FAA_DISTRI,FAA_ST,STATE_NAME,COUNTY_NAM,COUNTY_ST,CITY_NAME,FULLNAME,OWNER_TYPE,FAC_USE,FAC_CYSTZP,ELEV,AERO_CHART,CBD_DIST,CBD_DIR,ACT_DATE,CERT_TYPE,FED_AGREE,INTERNATIO,CUST_LNDG,JOINT_USE,MIL_LNDG_R,MIL_INT,CNTL_TWR,S_ENG_GA,M_ENG_GA,JET_EN_GA,HELICOPTER,OPER_GLIDE,OPER_MIL,ULTRALIGHT,COMM_SERV,AIR_TAXI,LOCAL_OPS_,ITIN_OPS_G,MIL_OPS,LATITUDE,LONGITUDE,STFIPS,ST_POSTAL,CY_05_ENP,VERSION
57,17285.751*A,AIRPORT,8ND5,01/18/2007,AGL,BIS,ND,NORTH DAKOTA,CASS,ND,CHAFFEE,AUSK STRIP,PR,PR,"ALICE, ND 58083",1020,TWIN CITIES,03,SW, , , , , , , , ,N,001, , , , , , , , , , , ,46.7638633333,-97.40537083330001,38,ND,0,10
35,17268.1*A,AIRPORT,D09,01/18/2007,AGL,BIS,ND,NORTH DAKOTA,BOTTINEAU,ND,BOTTINEAU,BOTTINEAU MUNI,PU,PU,"BOTTINEAU, ND 58318",1679,TWIN CITIES,01,E, , ,NGY,N,N,N,Y, ,N,011, , , , , , , ,000120,000800,002400, ,48.830391666699995,-100.41713611109999,38,ND,4,10
142,17361.*A,AIRPORT,ND99,01/18/2007,AGL,BIS,ND,NORTH DAKOTA,CASS,ND,HICKSON,ELLIG FIELD,PR,PR,"HORACE, ND 58047",910,TWIN CITIES,03,N,10/1992, , , , , , , ,N,001, , , , , , , , , , , ,46.7202416667,-96.8095277778,38,ND,0,10
283,17473.811*A,AIRPORT,NA73,01/18/2007,AGL,BIS,ND,NORTH DAKOTA,MC HENRY,ND,UPHAM,WELSTAD FARMS AIRSTRIP,PR,PR,"NEWBURG, ND 58762",1480,TWIN CITIES,10,W,07/1982, , , , , , , ,N,002, , , , , , , , , , , ,48.563908611100004,-101.0004305556,38,ND,0,10
282,17473.81*A,AIRPORT,4ND4,01/18/2007,AGL,BIS,ND,NORTH DAKOTA,MC HENRY,ND,UPHAM,PFAU PVT,PR,PR,"UPHAM, ND 58789",1455,TWIN CITIES,06,W, , , , , , , , ,N,001, , , , , , , , , , , ,48.5639019444,-100.8795902778,38,ND,0,10
90,17323.*A,AIRPORT,38ND,01/18/2007,AGL,BIS,ND,NORTH DAKOTA,CASS,ND,ERIE,SCHROEDER PRIVATE,PR,PR,"ERIE, ND 58029",1140,TWIN CITIES,02,SW, , , , , , , , ,N,003, , , , , , , , , , , ,47.098034722200005,-97.4011997222,38,ND,0,10
122,17353.12*A,AIRPORT,4NA6,01/18/2007,AGL,BIS,ND,NORTH DAKOTA,WILLIAMS,ND,GRENORA,NICKS LANDING,PR,PR,"GRENORA, ND 58845",2440,BILLINGS,10,SE,07/1985, , , , , , , ,N,001, , , , , , , , , , , ,48.455025277800004,-103.8796511111,38,ND,0,10
289,17484.25*A,AIRPORT,NA99,01/18/2007,AGL,BIS,ND,NORTH DAKOTA,RICHLAND,ND,WALCOTT,BAKKO AIRSTRIP,PR,PR,"WALCOTT, ND 58077",1040,TWIN CITIES,05,W,10/1982, , , , , , , ,N,001, , , , , , , , , , , ,46.5505205556,-97.0320313889,38,ND,0,10
169,17388.1*A,AIRPORT,D31,01/18/2007,AGL,BIS,ND,NORTH DAKOTA,BENSON,ND,LEEDS,LEEDS MUNI,PU,PU,"LEEDS, ND 58346",1508,TWIN CITIES,02,E,08/1987, , , , , , , ,N,010, , , , , , , ,000020,001000,000800, ,48.2849988889,-99.40346861110001,38,ND,0,10
6,17245.4*A,AIRPORT,ND01,01/18/2007,AGL,BIS,ND,NORTH DAKOTA,CASS,ND,AMENIA,NELSON,PR,PR,"AMENIA, ND 58004",950,TWIN CITIES,03,NE, , , ,N,N, , , ,N,001, , , , , , , , , ,000200, ,47.0458080556,-97.18647583330001,38,ND,0,10
60,17285.991*A,AIRPORT,ND89,01/18/2007,AGL,BIS,ND,NORTH DAKOTA,STUTSMAN,ND,CLEMENTSVILLE,MUTSCHLER FIELD,PR,PR,"JAMESTOWN, ND 58401",1490,TWIN CITIES,01,NW, , , , , , , , ,N,001, , , , , , , , , , , ,47.0558236111,-98.5070386111,38,ND,0,10
146,17364.6*A,AIRPORT,NA65,01/18/2007,AGL,BIS,ND,NORTH DAKOTA,WALSH,ND,HOOPLE,ANDERSON STRIP,PR,PR,"HOOPLE, ND 58243",890,TWIN CITIES,00,E,07/1982, , , , , , , ,N,002, , , , , , , , , , , ,48.5313808333,-97.6281419444,38,ND,0,10
34,17265.08*A,AIRPORT,ND96,01/18/2007,AGL,BIS,ND,NORTH DAKOTA,BURLEIGH,ND,BISMARK,SAUTER,PR,PR,"BISMARCK, ND 58501",1730,TWIN CITIES,04,E,05/1998, , , , , , , ,N,003, , , , , , , , , , , ,46.801658333300004,-100.6792888889,38,ND,0,10
306,17504.*A,AIRPORT,4ND8,01/18/2007,AGL,BIS,ND,NORTH DAKOTA,RICHLAND,ND,WYNDMERE,SANDEN,PR,PR,"WYNDMERE, ND 58081",1065,TWIN CITIES,05,NE, , , ,N,N, , , ,N,006, , , , , , , , ,000600,000400, ,46.3541286111,-97.1170319444,38,ND,0,10
226,17435.2*A,AIRPORT,2D5,01/18/2007,AGL,BIS,ND,NORTH DAKOTA,DICKEY,ND,OAKES,OAKES MUNI,PU,PU,"OAKES, ND 58474",1335,TWIN CITIES,02,N, , ,NGY, , , ,Y, ,N,015,001, , , , , , ,000100,002200,000600,000010,46.1730197222,-98.07987555560001,38,ND,0,10
187,17401.11*A,AIRPORT,NA39,01/18/2007,AGL,BIS,ND,NORTH DAKOTA,WARD,ND,MAKOTI,DORBRINSKI,PR,PR,"MAKOTI, ND 58756",2133,BILLINGS,04,SW,04/1982, , , , , , , ,N,001, , , , , , , , , , , ,47.8977866667,-101.8546105556,38,ND,0,10
209,17421.*A,AIRPORT,HBC,01/18/2007,AGL,BIS,ND,NORTH DAKOTA,RENVILLE,ND,MOHALL,MOHALL MUNI,PU,PU,"MOHALL, ND 58761",1649,BILLINGS,01,W, , ,NGY,N,N,N,Y, ,N,004, , , , , , , ,000020,000800,000300,000024,48.7683833333,-101.5369952778,38,ND,0,10
120,17353.*A,AIRPORT,7N6,01/18/2007,AGL,BIS,ND,NORTH DAKOTA,WILLIAMS,ND,GRENORA,GRENORA CENTENNIAL,PU,PU,"GRENORA, ND 58845",2145,BILLINGS,01,NE,07/1990, , ,N,N,N,N, ,N,001, , , , , , , , ,000050,000300, ,48.6255830556,-103.92993,38,ND,0,10
246,17453.5*A,AIRPORT,2H9,01/18/2007,AGL,BIS,ND,NORTH DAKOTA,ROLETTE,ND,ROLETTE,ROLETTE,PU,PU,"ROLETTE, ND 58366",1620,TWIN CITIES,01,W, , , , , ,N,N, ,N,002,001, , , , , , ,000030,000800,000500, ,48.665277222200004,-99.85319916670001,38,ND,0,10
268,17467.52*A,AIRPORT,8NA0,01/18/2007,AGL,BIS,ND,NORTH DAKOTA,KIDDER,ND,TAPPEN,TAPPEN AIRSTRIP,PR,PR,"TAPPEN, ND 58487",1780,TWIN CITIES,00,N,04/1986, , , , , , , ,N,001, , , , , , , , , , , ,46.8810958333,-99.6309408333,38,ND,0,10
191,17404.*A,AIRPORT,2ND0,01/18/2007,AGL,BIS,ND,NORTH DAKOTA,CASS,ND,MAPLETON,KRAFT,PR,PR,"MAPLETON, ND 58059",910,TWIN CITIES,04,S, , , , , , , , ,N,004, , , , , , , , , , , ,46.814414166700004,-97.0498102778,38,ND,0,10
234,17450.2*A,AIRPORT,Y99,01/18/2007,AGL,BIS,ND,NORTH DAKOTA,MOUNTRAIL,ND,PLAZA,TRULSON FIELD,PU,PU,"PLAZA, ND 58771",2105,BILLINGS,01,NE, , , , , , , , ,N, , , , , , , , , , ,000020, ,48.0305680556,-101.9532225,38,ND,0,10
25,17256.1*A,AIRPORT,20U,01/18/2007,AGL,BIS,ND,NORTH DAKOTA,GOLDEN VALLEY,ND,BEACH,BEACH,PU,PU,"BEACH, ND 58621",2756,BILLINGS,01,ENE, , ,NGY,N,N,N,Y, ,N,005, , , , , , , ,000020,000600,000400, ,46.925165277800005,-103.9820527778,38,ND,0,10
41,17275.35*A,AIRPORT,NA75,01/18/2007,AGL,BIS,ND,NORTH DAKOTA,WELLS,ND,BREMEN,LILL STRIP,PR,PR,"CATHAY, ND 58422",1560,TWIN CITIES,04,S,07/1982, , , , , , , ,N,002, , , , , , , , , , , ,47.6763897222,-99.3903997222,38,ND,0,10
214,17430.111*A,AIRPORT,NA67,01/18/2007,AGL,BIS,ND,NORTH DAKOTA,PEMBINA,ND,NECHE,HORSLEY AIRSTRIP,PR,PR,"NECHE, ND 58265",815,TWIN CITIES,04,E,07/1982, , , , , , , ,N,001, , , , , , , , , , , ,48.9838788889,-97.46452,38,ND,0,10
264,17464.252*A,AIRPORT,ND32,01/18/2007,AGL,BIS,ND,NORTH DAKOTA,KIDDER,ND,STEELE,KALAINOV PRIVATE,PR,PR,"STEELE, ND 58482",1845,TWIN CITIES,04,NE,08/1988, , , , , , , ,N,001, , , , , , , , , , , ,46.915540277800005,-99.8945483333,38,ND,0,10
233,17449.75*A,AIRPORT,98ND,01/18/2007,AGL,BIS,ND,NORTH DAKOTA,WALSH,ND,PISEK,SOBOLIK,PR,PR,"PISEK, ND 58273",920,TWIN CITIES,05,SE, , , , , , , , ,N,002, , , , , , , , , , , ,48.2633247222,-97.6223058333,38,ND,0,10
132,17355.02*A,AIRPORT,ND72,01/18/2007,AGL,BIS,ND,NORTH DAKOTA,SHERIDAN,ND,HARVEY,LONETREE AIRSTRIP,PU,PR,"BISMARCK, ND 58501",1647,TWIN CITIES,09,SW,08/1994, , , , , , , ,N, , , , , , , , , , , , ,47.6844427778,-100.0848497222,38,ND,0,10
133,17356.4*A,AIRPORT,ND20,01/18/2007,AGL,BIS,ND,NORTH DAKOTA,GRAND FORKS,ND,HATTON,GENSRICH,PR,PR,"HATTON, ND 58240",1021,TWIN CITIES,06,NE, , , , , , , , ,N,004, , , , , , , , , , , ,47.7041505556,-97.3500872222,38,ND,0,10
301,17495.1*A,AIRPORT,4NA0,01/18/2007,AGL,BIS,ND,NORTH DAKOTA,MC KENZIE,ND,WILLISTON,LINDVIG AIRSTRIP,PR,PR,"WILLISTON, ND 58801",2180,BILLINGS,09,S,03/1985, , , , , , , ,N,001, , , , , , , , , , , ,48.0083580556,-103.5907530556,38,ND,0,10
69,17294.11*A,AIRPORT,34ND,01/18/2007,AGL,BIS,ND,NORTH DAKOTA,CASS,ND,DAVENPORT,PLATH FARMS,PR,PR,"DAVENPORT, ND 58021",928,TWIN CITIES,03,W, , , , , , , , ,N,001, , , , , , , , , , , ,46.7058036111,-97.15647888890001,38,ND,0,10
8,17245.42*A,AIRPORT,ND74,01/18/2007,AGL,BIS,ND,NORTH DAKOTA,CASS,ND,AMENIA,SMITH PVT,PR,PR,"FARGO, ND 58103",940,TWIN CITIES,03,NE, , , , , , , , ,N,001, , , , , , , , , , , ,47.0166405556,-97.1628644444,38,ND,0,10
128,17354.914*A,AIRPORT,ND16,01/18/2007,AGL,BIS,ND,NORTH DAKOTA,DUNN,ND,HALLIDAY,FREI PRIVATE,PR,PR,"HALLIDAY, ND 58636",2100,BILLINGS,07,SW,08/1988, , , , , , , ,N,001, , , , , , , , , , , ,47.441673333299995,-102.24212055560001,38,ND,0,10
56,17285.53*A,AIRPORT,ND65,01/18/2007,AGL,BIS,ND,NORTH DAKOTA,OLIVER,ND,CENTER,LETZRING,PR,PR,"NEW SALEM, ND 58563",2230,BILLINGS,08,SW,08/1994, , , , , , , ,N, , , , , , , , , , , , ,46.98888888890001,-101.35361111110001,38,ND,0,10
225,17434.41*A,AIRPORT,73ND,01/18/2007,AGL,BIS,ND,NORTH DAKOTA,LA MOURE,ND,NORTONVILLE,M HEART RANCH,PR,PR,"ADRIAN, ND 58410",1535,TWIN CITIES,03,NE, , , , , , , , ,N,001, , , , , , , , , , , ,46.5716430556,-98.6884327778,38,ND,0,10
144,17362.12*A,AIRPORT,3H4,01/18/2007,AGL,BIS,ND,NORTH DAKOTA,TRAILL,ND,HILLSBORO,HILLSBORO MUNI,PU,PU,"HILLSBORO, ND 58045",905,TWIN CITIES,03,S, , ,NGY,N,N, ,Y, ,N,016, , , , , , , ,000050,002400,001000, ,47.3594077778,-97.06041638890001,38,ND,0,10
53,17285.01*A,AIRPORT,9ND8,01/18/2007,AGL,BIS,ND,NORTH DAKOTA,PEMBINA,ND,CAVALIER,HINKLE,PR,PR,"CAVALIER, ND 58220",908,TWIN CITIES,02,W, , , , , , , , ,N,002, , , , , , , , , , , ,48.7855486111,-97.6723116667,38,ND,0,10
256,17459.012*A,AIRPORT,NA98,01/18/2007,AGL,BIS,ND,NORTH DAKOTA,SLOPE,ND,SCRANTON,DILSE PVT AIRSTRIP,PR,PR,"SCRANTON, ND 58653",2878,BILLINGS,10,N,10/1982, , , , , , , ,N,002, , , ,001, , , , , , , ,46.302508333300004,-103.1701727778,38,ND,0,10
273,17468.6*A,AIRPORT,D60,01/18/2007,AGL,BIS,ND,NORTH DAKOTA,WILLIAMS,ND,TIOGA,TIOGA MUNI,PU,PU,"TIOGA, ND 58852",2266,BILLINGS,02,SE, , ,NGY,N,N,N,Y, ,N,021,001, ,001, , , , ,000150,001800,001000, ,48.3805325,-102.8979852778,38,ND,0,10
3,17244.3*A,AIRPORT,ND26,01/18/2007,AGL,BIS,ND,NORTH DAKOTA,MC KENZIE,ND,ALEXANDER,GAJEWSKI FLD,PR,PR,"ALEXANDER, ND 58831",2100,BILLINGS,03,NW, , , , , , , , ,N, , , , , , , , , , , , ,47.9000213889,-103.6588094444,38,ND,0,10
195,17406.*A,AIRPORT,D56,01/18/2007,AGL,BIS,ND,NORTH DAKOTA,TRAILL,ND,MAYVILLE,MAYVILLE MUNI,PU,PU,"MAYVILLE, ND 58257",975,TWIN CITIES,01,S, , ,1,N,N,N,N, ,N,006, , , , , , , ,000020,001000,003000,000020,47.474985,-97.3337016667,38,ND,0,10
39,17271.01*A,AIRPORT,78ND,01/18/2007,AGL,BIS,ND,NORTH DAKOTA,SLOPE,ND,BOWMAN,FOLSKE RANCH,PR,PR,"BOWMAN, ND 58623",2900,BILLINGS,08,NW, , , , , , , , ,N,001, , , , , , , , , , , ,46.2950077778,-103.43240722220001,38,ND,0,10
173,17392.*A,AIRPORT,7L2,01/18/2007,AGL,BIS,ND,NORTH DAKOTA,EMMONS,ND,LINTON,LINTON MUNI,PU,PU,"LINTON, ND 58552",1778,TWIN CITIES,03,S, , ,NGY,N,N,N,Y, ,N,014, , , , , ,002, ,000100,001000,000600, ,46.2183047222,-100.24500277780001,38,ND,0,10
14,17249.*A,AIRPORT,ND76,01/18/2007,AGL,BIS,ND,NORTH DAKOTA,CASS,ND,ARTHUR,TURNER FIELD,PR,PR,"ARTHUR, ND 58006",942,TWIN CITIES,03,SE, , , , , , , , ,N,002, , ,001, , , , , , , , ,47.0596969444,-97.1567533333,38,ND,0,10
218,17430.951*A,AIRPORT,94ND,01/18/2007,AGL,BIS,ND,NORTH DAKOTA,BOTTINEAU,ND,NEWBURG,MICHAEL ZURCHER FARM STRIP,PR,PR,"NEWBURG, ND 58762",1470,TWIN CITIES,03,S, , , , , , , , ,N,001, , , , , , , , , , , ,48.665850277800004,-100.9184841667,38,ND,0,10
168,17386.14*A,AIRPORT,62ND,01/18/2007,AGL,BIS,ND,NORTH DAKOTA,GRAND FORKS,ND,LARIMORE,MORTEN,PR,PR,"LARIMORE, ND 58251",1340,TWIN CITIES,10,SW, , , , , , , , ,N,001, , , , , , , , , , , ,47.779157222200006,-97.7595319444,38,ND,0,10
70,17295.*H,HELIPORT,ND33,01/18/2007,AGL,BIS,ND,NORTH DAKOTA,KIDDER,ND,DAWSON,DAWSON MEDIPORT,PR,PR,"DAWSON, ND 58428",1750,TWIN CITIES,00,S,11/2002, , , , , , , ,N, , , , , , , , , , , , ,46.8766666667,-99.7523333333,38,ND,0,10
22,17255.011*A,AIRPORT,NA56,01/18/2007,AGL,BIS,ND,NORTH DAKOTA,RICHLAND,ND,BARNEY,MOFFET AIRSTRIP,PR,PR,"BARNEY, ND 58008",1028,TWIN CITIES,02,NE,07/1982, , , , , , , ,N,001, , , , , , , , , , , ,46.3021822222,-96.9914736111,38,ND,0,10
162,17381.7*A,AIRPORT,4F9,01/18/2007,AGL,BIS,ND,NORTH DAKOTA,LA MOURE,ND,LA MOURE,LA MOURE ROTT MUNI,PR,PU,"LA MOURE, ND 58458",1310,TWIN CITIES,01,S, , ,N,N,N,N,N, ,N,010, , , , , , , ,000020,001600,000600, ,46.3466355556,-98.28371,38,ND,0,10
139,17357.1*A,AIRPORT,HZE,01/18/2007,AGL,BIS,ND,NORTH DAKOTA,MERCER,ND,HAZEN,MERCER COUNTY RGNL,PU,PU,"HAZEN, ND 58545",1813,BILLINGS,02,E, , ,N,N,N,N, , ,N,002, , , , , ,001, ,000100, ,000300, ,47.2898611111,-101.5809444444,38,ND,0,10
29,17261.*A,AIRPORT,95D,01/18/2007,AGL,BIS,ND,NORTH DAKOTA,MERCER,ND,BEULAH,BEULAH,PR,PU,"BEULAH, ND 58523",1791,BILLINGS,02,SW, , , ,N,N,N,N, ,N,005,001, ,002, , ,001, ,000300,001000,001200,000012,47.2508408333,-101.8140575,38,ND,0,10
206,17417.5*A,AIRPORT,MIB,01/18/2007,AGL,BIS,ND,NORTH DAKOTA,WARD,ND,MINOT,MINOT AFB,MA,PR,"MINOT, ND 58701",1668,BILLINGS,10,N, , , ,N,N,N,Y, ,Y, , , , , ,001, , , , , ,030000,48.4155,-101.35766666670001,38,ND,101,10
280,17472.021*A,AIRPORT,NA90,01/18/2007,AGL,BIS,ND,NORTH DAKOTA,MC LEAN,ND,UNDERWOOD,CIRCLE Z LANDING STRIP,PR,PR,"UNDERWOOD, ND 58576",2000,BILLINGS,04,W,08/1982, , , , , , , ,N,001, , , , , , , , , , , ,47.4666638889,-101.22265444439999,38,ND,0,10
153,17371.2*A,AIRPORT,9NA4,01/18/2007,AGL,BIS,ND,NORTH DAKOTA,WARD,ND,KENMARE,BODMER,PR,PR,"KENMARE, ND 58746",1885,BILLINGS,09,E,04/1988, , , , , , , ,N, , , , , , , , , , , , ,48.666133888900006,-101.8907180556,38,ND,0,10
40,17275.*A,AIRPORT,1NA8,01/18/2007,AGL,BIS,ND,NORTH DAKOTA,BURLEIGH,ND,BRADDOCK,PRESZLER AIRSTRIP,PR,PR,"BRADDOCK, ND 58524",1795,TWIN CITIES,08,N,12/1983, , , , , , , ,N,001, , , , , , , , , , , ,46.6905416667,-100.0953858333,38,ND,0,10
243,17452.*A,AIRPORT,4E8,01/18/2007,AGL,BIS,ND,NORTH DAKOTA,STARK,ND,RICHARDTON,RICHARDTON,PU,PU,"RICHARDTON, ND 58653",2492,BILLINGS,02,NW, , , , , , , , ,N, , , , , , , , ,000002,000020,000020, ,46.89584,-102.35489722220001,38,ND,0,10
177,17397.9*A,AIRPORT,ND35,01/18/2007,AGL,BIS,ND,NORTH DAKOTA,BARNES,ND,LUCCA,LINDEMANN,PR,PR,"VALLEY CITY, ND 58072",1199,TWIN CITIES,01,SE, , , , , ,N,N, ,N,001, , , , , , , , , , , ,46.699974999999995,-97.7003797222,38,ND,0,10
275,17469.*A,AIRPORT,D61,01/18/2007,AGL,BIS,ND,NORTH DAKOTA,MC HENRY,ND,TOWNER,TOWNER MUNI,PU,PU,"TOWNER, ND 58788",1484,TWIN CITIES,01,NE, , , , , ,N,N, ,N,005, , , , , , , ,000020,000600,000300, ,48.3583319444,-100.3920788889,38,ND,0,10
42,17278.*A,AIRPORT,ND59,01/18/2007,AGL,BIS,ND,NORTH DAKOTA,CASS,ND,BUFFALO,GRIEVE,PR,PR, ,1208,TWIN CITIES,04,NE, , , , , , , , ,N,003, , , , , , , , , , , ,46.987476666700005,-97.5295363889,38,ND,0,10
26,17260.1*A,AIRPORT,ND29,01/18/2007,AGL,BIS,ND,NORTH DAKOTA,BILLINGS,ND,BELFIELD,SWENSON,PR,PR,"BELFIELD, ND 58622-9199",2900,BILLINGS,13,S, , , ,N,N,N,N, ,N,001, , , , , , , , , , , ,46.6666780556,-103.2337880556,38,ND,0,10
49,17280.*A,AIRPORT,46D,01/18/2007,AGL,BIS,ND,NORTH DAKOTA,FOSTER,ND,CARRINGTON,CARRINGTON MUNI,PU,PU,"CARRINGTON, ND 58421",1604,TWIN CITIES,01,W, , ,N1,N,N,N,N, ,N,010, , , , , ,001, ,000200,000800,001000, ,47.451111111100005,-99.15111111110001,38,ND,0,10
156,17372.01*A,AIRPORT,55ND,01/18/2007,AGL,BIS,ND,NORTH DAKOTA,DUNN,ND,KILLDEER,PETE'S PORT,PR,PR,"KILLDEER, ND 58640",2260,BILLINGS,02,SE, , , , , , , , ,N,001, , , , , , , , , , , ,47.3555688889,-102.7107411111,38,ND,0,10
232,17445.*A,AIRPORT,PMB,01/18/2007,AGL,BIS,ND,NORTH DAKOTA,PEMBINA,ND,PEMBINA,PEMBINA MUNI,PU,PU,"DRAYTON, ND 58225",795,TWIN CITIES,01,S, , ,NGY,Y,N,N,Y, ,N,009,002, , ,001, ,004, ,000200,000800,000600,000060,48.9425,-97.2408333333,38,ND,0,10
117,17349.14*A,AIRPORT,2ND3,01/18/2007,AGL,BIS,ND,NORTH DAKOTA,GRAND FORKS,ND,GRAND FORKS,CASSLINDAN,PR,PR,"GRAND FORKS, ND 58201",832,TWIN CITIES,05,N,08/2004, , , , , , , ,N, , , , , , , , , , , , ,48.0008138889,-97.1224361111,38,ND,0,10
151,17367.*A,AIRPORT,JMS,01/18/2007,AGL,BIS,ND,NORTH DAKOTA,STUTSMAN,ND,JAMESTOWN,JAMESTOWN RGNL,PU,PU,"JAMESTOWN, ND 58402",1500,TWIN CITIES,02,NE, ,I A S 05/1973,NGY3,N,N,N,Y, ,N,037,005, , , , , ,001456,004136,028600,003000,000060,46.9297222222,-98.6781944444,38,ND,2196,10
92,17324.1*A,AIRPORT,2NA7,01/18/2007,AGL,BIS,ND,NORTH DAKOTA,BENSON,ND,ESMOND,SLATER FARM,PR,PR,"ESMOND, ND 58332",1600,TWIN CITIES,06,E,07/1984, , , , , , , ,N,001, , , , , , , , , , , ,48.028341111100005,-99.6165213889,38,ND,0,10
304,17496.9*A,AIRPORT,2NA0,01/18/2007,AGL,BIS,ND,NORTH DAKOTA,MC LEAN,ND,WILTON,SODERQUIST,PR,PR,"WILTON, ND 58579",1880,TWIN CITIES,06,N,12/1983, , , , , , , ,N,001, , , , , , , , , , , ,47.2566602778,-100.79624527780001,38,ND,0,10
259,17462.251*A,AIRPORT,NA70,01/18/2007,AGL,BIS,ND,NORTH DAKOTA,EDDY,ND,SHEYENNE,SMITH AIRSTRIP,PR,PR,"SHEYENNE, ND 58374",1535,TWIN CITIES,06,SE,07/1982, , , , , , , ,N,001, , , , , , , , , , , ,47.773886111100005,-98.9884483333,38,ND,0,10
183,17400.*A,AIRPORT,6D3,01/18/2007,AGL,BIS,ND,NORTH DAKOTA,BENSON,ND,MADDOCK,MADDOCK MUNI,PU,PU,"MADDOCK, ND 58348",1600,TWIN CITIES,01,N, , , ,N,N,N,N, ,N,003, , , , , , , , ,001200,000300, ,47.9777869444,-99.5270780556,38,ND,0,10
45,17278.71*A,AIRPORT,12ND,01/18/2007,AGL,BIS,ND,NORTH DAKOTA,WARD,ND,BURLINGTON,PIETSCHTREE AIRSTRIP,PR,PR,"BURLINGTON, ND 58722",1566,BILLINGS,15,N,02/1999, , , , , , , ,N, , , , , , , , , , , , ,48.2952777778,-101.4270833333,38,ND,0,10
152,17371.1*A,AIRPORT,7K5,01/18/2007,AGL,BIS,ND,NORTH DAKOTA,WARD,ND,KENMARE,KENMARE MUNI,PU,PU,"KENMARE, ND 58746",1962,BILLINGS,01,SE, , ,NGY,N,N,N,Y, ,N,014,001, , , , , , ,000300,001500,000500, ,48.66758277780001,-102.0475944444,38,ND,0,10
59,17285.95*A,AIRPORT,ND10,01/18/2007,AGL,BIS,ND,NORTH DAKOTA,RICHLAND,ND,CHRISTINE,FLYING-N-RANCH,PR,PR,"HORACE, ND 58407",930,TWIN CITIES,02,SE,05/1998, , , , , , , ,N,001, , , , , , , , , , , ,46.5488888889,-96.7864722222,38,ND,0,10
194,17405.51*A,AIRPORT,69ND,01/18/2007,AGL,BIS,ND,NORTH DAKOTA,BOTTINEAU,ND,MAXBASS,TENGESDAL,PR,PR,"MAXBASS, ND 58760",1495,BILLINGS,04,NE, , , , , , , , ,N,001, , , , , , , , , , , ,48.7430766667,-101.0418230556,38,ND,0,10
113,17347.*A,AIRPORT,GAF,01/18/2007,AGL,BIS,ND,NORTH DAKOTA,WALSH,ND,GRAFTON,HUTSON FIELD,PU,PU,"GRAFTON, ND 58237",824,TWIN CITIES,02,SE, , ,NGY,N,N,N,Y, ,N,016, , , , , ,002, ,000300,002600,002000,000010,48.4046944444,-97.37094444440001,38,ND,0,10
180,17399.512*A,AIRPORT,84ND,01/18/2007,AGL,BIS,ND,NORTH DAKOTA,GRAND FORKS,ND,MC CANNA,KYLLO,PR,PR,"LARIMORE, ND 58251",1150,TWIN CITIES,02,W, , , , , , , , ,N,001, , , , , , , , , , , ,48.0008255556,-97.7570336111,38,ND,0,10
241,17451.995*A,AIRPORT,NA22,01/18/2007,AGL,BIS,ND,NORTH DAKOTA,BOWMAN,ND,RHAME,VERNON MILLER PVT,PR,PR,"RHAME, ND 58651",3102,BILLINGS,15,SW, , , , , , , , ,N,001, , , , , , , , , , , ,46.0125022222,-103.7963136111,38,ND,0,10
157,17374.*A,AIRPORT,K74,01/18/2007,AGL,BIS,ND,NORTH DAKOTA,CASS,ND,KINDRED,HAMRY FIELD,PU,PU,"KINDRED, ND 58051",946,TWIN CITIES,01,E, , ,N, , , , , ,N,018,002, , , ,003, , ,000030,003000,001000,000020,46.6487611111,-96.99858055560001,38,ND,0,10
66,17292.*A,AIRPORT,D50,01/18/2007,AGL,BIS,ND,NORTH DAKOTA,DIVIDE,ND,CROSBY,CROSBY MUNI,PU,PU,"CROSBY, ND 58730",1950,BILLINGS,01,N, , ,NGY,N,N,N,Y, ,N,012,002, , , , , , ,000100,001400,000500,000020,48.9285155556,-103.29725138890001,38,ND,0,10
284,17473.83*A,AIRPORT,21ND,01/18/2007,AGL,BIS,ND,NORTH DAKOTA,MC HENRY,ND,UPHAM,ROSENAU,PR,PR,"UPHAM, ND 58789",1450,TWIN CITIES,04,W, , , , , , , , ,N, , , , , , , , , , , , ,48.5822344444,-100.8554222222,38,ND,0,10
130,17355.*A,AIRPORT,5H4,01/18/2007,AGL,BIS,ND,NORTH DAKOTA,WELLS,ND,HARVEY,HARVEY MUNI,PU,PU,"HARVEY, ND 58341",1605,TWIN CITIES,01,N, , ,NGY,N,N,N,N, ,N,006, , , , , , , ,000030,000600,000400, ,47.791233055599996,-99.9317422222,38,ND,0,10
2,17243.9*A,AIRPORT,NA92,01/18/2007,AGL,BIS,ND,NORTH DAKOTA,WILLIAMS,ND,ALAMO,ROY LOHSE,PR,PR,"ALAMO, ND 58830",2124,BILLINGS,00,S,10/1982, , , , , , , ,N,003, , ,001, , , , , , , , ,48.5786391667,-103.46630055560001,38,ND,0,10
249,17457.01*A,AIRPORT,NA49,01/18/2007,AGL,BIS,ND,NORTH DAKOTA,PIERCE,ND,RUGBY,PAUL AIRSTRIP,PR,PR,"RUGBY, ND 58368",1530,TWIN CITIES,04,NW,06/1982, , , , , , , ,N,001, , , , , , , , , , , ,48.4177755556,-100.05458,38,ND,0,10
170,17390.*A,AIRPORT,5ND4,01/18/2007,AGL,BIS,ND,NORTH DAKOTA,RICHLAND,ND,LIDGERWOOD,TESCH STRIP,PR,PR,"LIDGERWOOD, ND 58053",1114,TWIN CITIES,06,NW, , , , , , , , ,N,001, , , , , , , , , , , ,46.1435719444,-97.24314638890002,38,ND,0,10
235,17451.3*A,AIRPORT,6ND6,01/18/2007,AGL,BIS,ND,NORTH DAKOTA,STEELE,ND,PORTLAND,FUGLEBERG FARM,PR,PR,"PORTLAND, ND 58274",1090,TWIN CITIES,09,NW, , , , , , , , ,N,001, , , , , , , , , , , ,47.5166544444,-97.5503688889,38,ND,0,10
295,17490.84*A,AIRPORT,ND52,01/18/2007,AGL,BIS,ND,NORTH DAKOTA,CASS,ND,WEST FARGO,TRUE NORTH AIRPARK,PR,PR,"FARGO, ND 58104",913,TWIN CITIES,11,SW,05/2006, , , , , , , ,N, , , , , , , , , , , , ,46.8027777778,-97.01222222220001,38,ND,0,10
74,17302.01*H,HELIPORT,8NA7,01/18/2007,AGL,BIS,ND,NORTH DAKOTA,RAMSEY,ND,DEVILS LAKE,CAMP GRAFTON,PU,PR,"BISMARK, ND 58502-5511",1469,TWIN CITIES,04,S, , , , , , , , ,N, , , ,010, , , , , , , , ,48.0625,-98.9292886111,38,ND,0,10
43,17278.3*A,AIRPORT,5ND0,01/18/2007,AGL,BIS,ND,NORTH DAKOTA,WILLIAMS,ND,BUFORD,STIEHL,PR,PR,"BUFORD, ND 58803",2277,BILLINGS,05,NW, , , , , , , , ,N,001, , , , , , , , , , , ,48.076409999999996,-104.0324330556,38,ND,0,10
47,17279.1*A,AIRPORT,9D7,01/18/2007,AGL,BIS,ND,NORTH DAKOTA,TOWNER,ND,CANDO,CANDO MUNI,PU,PU,"CANDO, ND 58324",1478,TWIN CITIES,01,W, , ,N1,N,N,N, , ,N,005, , , , , , , ,000050,002600,000900, ,48.4799722222,-99.23591944440001,38,ND,0,10
141,17360.*A,AIRPORT,HEI,01/18/2007,AGL,BIS,ND,NORTH DAKOTA,ADAMS,ND,HETTINGER,HETTINGER MUNI,PU,PU,"HETTINGER, ND 58639",2705,BILLINGS,01,NW, , ,NGY,N,N,N,Y, ,N,019,001, , , , , , ,000300,001500,001000,000030,46.0149444444,-102.6559722222,38,ND,0,10
250,17457.08*A,AIRPORT,NA03,01/18/2007,AGL,BIS,ND,NORTH DAKOTA,BOTTINEAU,ND,RUSSELL,BOLL BROTHERS AIRSTRIP,PR,PR,"NEWBURG, ND 58762",1453,BILLINGS,02,E, , , , , , , , ,N,002, , , , , , , , , , , ,48.6725144444,-100.85820333330001,38,ND,0,10
64,17287.21*A,AIRPORT,6NA0,01/18/2007,AGL,BIS,ND,NORTH DAKOTA,BURKE,ND,COLUMBUS,STROM PRIVATE,PR,PR,"PORTAL, ND 58772",1930,BILLINGS,06,NNE,07/1985, , , , , , , ,N,003, , , , , , , , , , , ,48.9930883333,-102.73795055560001,38,ND,0,10
37,17270.3*A,AIRPORT,7ND5,01/18/2007,AGL,BIS,ND,NORTH DAKOTA,WELLS,ND,BOWDON,BUCHMILLER,PR,PR,"BOWDON, ND 58418",1850,TWIN CITIES,08,SE, , , , , , , , ,N,003, , , , , , , , , , , ,47.3597188889,-99.6226161111,38,ND,0,10
200,17407.81*A,AIRPORT,2ND2,01/18/2007,AGL,BIS,ND,NORTH DAKOTA,MC LEAN,ND,MERCER,MAKEEFF,PR,PR,"MERCER, ND 58559",1910,TWIN CITIES,04,N, , , , , , , , ,N,001, , , , , , , , , , , ,47.5669433333,-100.7212477778,38,ND,0,10
294,17490.82*A,AIRPORT,NA17,01/18/2007,AGL,BIS,ND,NORTH DAKOTA,CASS,ND,WEST FARGO,JACOB GUST,PR,PR,"FARGO, ND 58102",895,TWIN CITIES,03,N, , , , , , , , ,N,004, , , , , , , , , , , ,46.9427461111,-96.9289727778,38,ND,0,10
231,17443.*A,AIRPORT,Y74,01/18/2007,AGL,BIS,ND,NORTH DAKOTA,MOUNTRAIL,ND,PARSHALL,PARSHALL-HANKINS,PU,PU,"PARSHALL, ND 58770",2031,BILLINGS,01,S, , ,NGY,N,N,N,Y, ,N,008, , , , , , , ,000050,000500,000200,000010,47.9364008333,-102.1421141667,38,ND,0,10
293,17488.1*A,AIRPORT,S25,01/18/2007,AGL,BIS,ND,NORTH DAKOTA,MC KENZIE,ND,WATFORD CITY,WATFORD CITY MUNI,PU,PU,"WATFORD CITY, ND 58854",2109,BILLINGS,01,SE, , ,NGY,N,N,N,Y, ,N,011,001, , , , , , ,000300,001000,000800, ,47.7956997222,-103.2536991667,38,ND,0,10
11,17246.*A,AIRPORT,4NA3,01/18/2007,AGL,BIS,ND,NORTH DAKOTA,BOTTINEAU,ND,ANTLER,PETERSON AIRSTRIP,PR,PR,"ANTLER, ND 58711",1545,BILLINGS,08,S,07/1985, , , , , , , ,N,001, , , , , , , , , , , ,48.8572427778,-101.3021036111,38,ND,0,10
124,17354.22*A,AIRPORT,GWR,01/18/2007,AGL,BIS,ND,NORTH DAKOTA,SARGENT,ND,GWINNER,GWINNER-ROGER MELROE FIELD,PU,PU,"GWINNER, ND 58040",1266,TWIN CITIES,01,SE, , ,NGY,N,N,N,Y, ,N,007,001, , , , , , ,002100,000800,000800, ,46.2187222222,-97.64325,38,ND,0,10
143,17362.*A,AIRPORT,7NA0,01/18/2007,AGL,BIS,ND,NORTH DAKOTA,TRAILL,ND,HILLSBORO,DOWNS FARM PVT,PR,PR,"HILLSBORO, ND 58045",900,TWIN CITIES,03,S,04/1986, , , , , , , ,N, , , , , , , , , , , , ,47.3574786111,-97.0281408333,38,ND,0,10
20,17254.75*A,AIRPORT,NA25,01/18/2007,AGL,BIS,ND,NORTH DAKOTA,MC HENRY,ND,BANTRY,HOLEN AERIAL SPRAY AIRSTRIP,PR,PR,"UPHAM, ND 58789",1460,BILLINGS,02,W,04/1982, , , , , , , ,N,001, , , , , , , , , , , ,48.4986116667,-100.65263277780001,38,ND,0,10
86,17320.1*A,AIRPORT,4E7,01/18/2007,AGL,BIS,ND,NORTH DAKOTA,DICKEY,ND,ELLENDALE,ELLENDALE MUNI,PU,PU,"ELLENDALE, ND 58436",1455,TWIN CITIES,01,NE, , ,NGY,N,N,N,Y, ,N,004, , , , , , , ,000050,001800,000200, ,46.0124719444,-98.5128788889,38,ND,3,10
80,17310.1*A,AIRPORT,S28,01/18/2007,AGL,BIS,ND,NORTH DAKOTA,ROLETTE,ND,DUNSEITH,INTL PEACE GARDEN,PU,PU,"BISMARCK, ND 58502",2314,TWIN CITIES,11,N, , ,NGY,N,Y,N,Y, ,N, , , , , , , , ,000050, ,000250, ,48.9977819444,-100.0434588889,38,ND,0,10
181,17399.55*A,AIRPORT,7G2,01/18/2007,AGL,BIS,ND,NORTH DAKOTA,SHERIDAN,ND,MC CLUSKY,MC CLUSKY MUNI,PU,PU,"MC CLUSKY, ND 58463",1900,TWIN CITIES,02,SW, , , ,N,N, , , ,N,002, , , , , , , ,000010,000300,000200, ,47.462219722200004,-100.48734972220001,38,ND,0,10
88,17321.01*A,AIRPORT,ND47,01/18/2007,AGL,BIS,ND,NORTH DAKOTA,CASS,ND,ENDERLIN,GESKE AIRFIELD,PR,PR,"ENDERLIN, ND 58027-9505",1103,TWIN CITIES,03,ENE,11/2002, , , , , , , ,N, , , , , , , , , , , , ,46.640805555600004,-97.5511222222,38,ND,0,10
17,17253.*A,AIRPORT,ASY,01/18/2007,AGL,BIS,ND,NORTH DAKOTA,MC INTOSH,ND,ASHLEY,ASHLEY MUNI,PU,PU,"ASHLEY, ND 58413",2032,TWIN CITIES,01,SE, , , ,N,N,N,N, ,N,003, , , , , , , ,000200,000400,000600, ,46.023862777800005,-99.35261416670001,38,ND,0,10
261,17462.36*A,AIRPORT,7NA9,01/18/2007,AGL,BIS,ND,NORTH DAKOTA,BOTTINEAU,ND,SOURIS,SJULE PVT AIRSTRIP,PR,PR,"SOURIS, ND 58783",1680,TWIN CITIES,05,NE,04/1986, , , , , , , ,N, , , , , , , , , , , , ,48.9283483333,-100.57792777780001,38,ND,0,10
258,17462.25*A,AIRPORT,NA06,01/18/2007,AGL,BIS,ND,NORTH DAKOTA,BENSON,ND,SHEYENNE,BOURET RANCH,PR,PR,"SHEYENNE, ND 58374",1505,TWIN CITIES,06,NE, , , , , , , , ,N,001, , , , , , , , , , , ,47.8627755556,-98.9726175,38,ND,0,10
61,17285.993*A,AIRPORT,3NA0,01/18/2007,AGL,BIS,ND,NORTH DAKOTA,STEELE,ND,CLIFFORD,ERICKSON,PR,PR,"PORTLAND, ND 58274",1095,TWIN CITIES,06,NW,11/1984, , , , , , , ,N,001, , , , , , , , , , , ,47.4166538889,-97.5114791667,38,ND,0,10
5,17244.33*A,AIRPORT,26ND,01/18/2007,AGL,BIS,ND,NORTH DAKOTA,MC KENZIE,ND,ALEXANDER,CHITWOOD AIRSTRIP,PR,PR,"ALEXANDER, ND 58831",2180,BILLINGS,08,S, , , , , , , , ,N,001, , , , , , , , , , , ,47.709739166700004,-103.6435311111,38,ND,0,10
217,17430.95*A,AIRPORT,2ND7,01/18/2007,AGL,BIS,ND,NORTH DAKOTA,BOTTINEAU,ND,NEWBURG,JOHNSON,PR,PR,"SOURIS, ND 58783",1460,TWIN CITIES,05,NE, , , , , , , , ,N,001, , , , , , , , , , , ,48.7516813889,-100.8140372222,38,ND,0,10
48,17279.12*H,HELIPORT,ND28,01/18/2007,AGL,BIS,ND,NORTH DAKOTA,TOWNER,ND,CANDO,TOWNER COUNTY MEDICAL CENTER,PR,PR,"CANDO, ND 58324",1485,TWIN CITIES,00,NW,09/2002, , , , , , , ,N, , , , , , , , , , , , ,48.4930833333,-99.21152777780001,38,ND,0,10
276,17470.5*A,AIRPORT,NA12,01/18/2007,AGL,BIS,ND,NORTH DAKOTA,MC LEAN,ND,TURTLE LAKE,JOHNSON PRIVATE,PR,PR,"TURTLE LAKE, ND 58575",1920,TWIN CITIES,06,SE, , , , , , , , ,N,001, , , , , , , , , , , ,47.4316633333,-100.84152805560001,38,ND,0,10
115,17349.1*A,AIRPORT,GFK,01/18/2007,AGL,BIS,ND,NORTH DAKOTA,GRAND FORKS,ND,GRAND FORKS,GRAND FORKS INTL,PU,PU,"GRAND FORKS, ND 58203",845,TWIN CITIES,05,NW, ,I B S 05/1973,NGY,Y,Y,N,Y, ,Y,078,018,002,008, , , ,003769,066500,141864,012490,000319,47.94925,-97.1761111111,38,ND,88065,10
107,17338.3*A,AIRPORT,ND22,01/18/2007,AGL,BIS,ND,NORTH DAKOTA,MC LEAN,ND,GARRISON,FISCHER PVT,PR,PR,"GARRISON, ND 58540",2065,BILLINGS,08,NW, , , , , ,N,N, ,N,002, , , , , , , , , , , ,47.6833347222,-101.6004422222,38,ND,0,10
278,17470.512*A,AIRPORT,NA79,01/18/2007,AGL,BIS,ND,NORTH DAKOTA,MC LEAN,ND,TURTLE LAKE,PHILBRICK PVT. AIRSTRIP,PR,PR,"TURTLE LAKE, ND 58575-9716",1915,TWIN CITIES,07,S,07/1982, , , , , , , ,N,001, , , , , , , , , , , ,47.4041625,-100.8823625,38,ND,0,10
300,17495.01*A,AIRPORT,NA18,01/18/2007,AGL,BIS,ND,NORTH DAKOTA,WILLIAMS,ND,WILLISTON,HOUGHT AIRSTRIP,PR,PR,"WILLISTON, ND 58801",2400,BILLINGS,22,NW, , , , , , , , ,N,001, , , , , , , , , , , ,48.4133583333,-103.83576,38,ND,0,10
262,17463.01*A,AIRPORT,08D,01/18/2007,AGL,BIS,ND,NORTH DAKOTA,MOUNTRAIL,ND,STANLEY,STANLEY MUNI,PU,PU,"STANLEY, ND 58784",2245,BILLINGS,01,SW, , ,NGY,N,N,N,Y, ,N,011, , , , , , , ,000100,000700,000740, ,48.30079861110001,-102.4063513889,38,ND,0,10
83,17319.4*A,AIRPORT,NA32,01/18/2007,AGL,BIS,ND,NORTH DAKOTA,STUTSMAN,ND,ELDRIDGE,JOHNSON AIRSTRIP,PR,PR,"ELDRIDGE, ND 58401",1548,TWIN CITIES,01,W,06/1982, , , , , , , ,N,003, , , , , , , , , , , ,46.8985986111,-98.85871777780001,38,ND,0,10
138,17357.01*H,HELIPORT,ND50,01/18/2007,AGL,BIS,ND,NORTH DAKOTA,MERCER,ND,HAZEN,SAKAKAWEA MEDICAL CENTER,PU,PR,"HAZEN, ND 58545",1756,BILLINGS,00,N,03/1993, , , , , , , ,N, , , , , , , , , , , , ,47.2983366667,-101.6129425,38,ND,0,10
50,17280.01*A,AIRPORT,79ND,01/18/2007,AGL,BIS,ND,NORTH DAKOTA,STUTSMAN,ND,CARRINGTON,REIMERS,PR,PR,"CARRINGTON, ND 58421",1590,TWIN CITIES,09,SE, , , , , , , , ,N, , , , , , , , , , , , ,47.32333,-99.0012222222,38,ND,0,10
203,17417.3*A,AIRPORT,ND43,01/18/2007,AGL,BIS,ND,NORTH DAKOTA,WARD,ND,MINOT,FLYING S RANCH,PR,PR,"MINOT, ND 58701",1840,BILLINGS,05,SW, , , , , , , , ,N,004, , , , , ,005, , ,001000,000050, ,48.200009166700006,-101.40433055560001,38,ND,0,10
242,17451.996*A,AIRPORT,NA77,01/18/2007,AGL,BIS,ND,NORTH DAKOTA,BOWMAN,ND,RHAME,MC GEE STRIP,PR,PR,"RHAME, ND 58651",3014,BILLINGS,15,SW,07/1982, , , , , , , ,N,001, , , , , , , , , , , ,45.9866683333,-103.84576055560001,38,ND,0,10
286,17475.*A,AIRPORT,6D8,01/18/2007,AGL,BIS,ND,NORTH DAKOTA,BARNES,ND,VALLEY CITY,BARNES COUNTY MUNI,PU,PU,"VALLEY CITY, ND 58072",1400,TWIN CITIES,01,NW, , ,NGY3,N,N,N,Y, ,N,043,002, , , , , , ,000300,004500,003000,000050,46.941007777799996,-98.0176261111,38,ND,0,10
30,17265.*A,AIRPORT,BIS,01/18/2007,AGL,BIS,ND,NORTH DAKOTA,BURLEIGH,ND,BISMARCK,BISMARCK MUNI,PU,PU,"BISMARCK, ND 58502",1661,TWIN CITIES,03,SE, ,I B S 05/1973,NGPSY3,N,N,Y,Y,R,Y,046,019,007, , ,017, ,002932,009696,012651,022609,004470,46.7727330556,-100.74573805560001,38,ND,174567,10
158,17374.01*A,AIRPORT,1ND3,01/18/2007,AGL,BIS,ND,NORTH DAKOTA,CASS,ND,KINDRED,ANDVIK,PR,PR,"KINDRED, ND 58051-9330",980,TWIN CITIES,04,W, , , , , , , , ,N,001, , , , , , , , , , , ,46.6477463889,-97.130645,38,ND,0,10
197,17406.8*A,AIRPORT,ND40,01/18/2007,AGL,BIS,ND,NORTH DAKOTA,STUTSMAN,ND,MEDINA,RAU FIELD,PR,PR,"MEDINA, ND 58467",1855,TWIN CITIES,05,SE, , , ,N,N,N,N, ,N,004, , , , , , , , ,000150,000050, ,46.8166508333,-99.2503888889,38,ND,0,10
202,17415.*A,AIRPORT,88ND,01/18/2007,AGL,BIS,ND,NORTH DAKOTA,CAVALIER,ND,MILTON,GOODMAN STRIP,PR,PR,"MILTON, ND 58260",1560,TWIN CITIES,07,NE, , , , , , , , ,N,001, , , , , , , , , , , ,48.7088825,-97.99398972220001,38,ND,0,10
257,17460.5*A,AIRPORT,NA05,01/18/2007,AGL,BIS,ND,NORTH DAKOTA,RANSOM,ND,SHELDON,KRAIG FARMS,PR,PR, ,1060,TWIN CITIES,03,NE, , , , , , , , ,N,002, , , , , , , , , , , ,46.6121930556,-97.43564805560001,38,ND,0,10
149,17365.55*A,AIRPORT,53ND,01/18/2007,AGL,BIS,ND,NORTH DAKOTA,WELLS,ND,HURDSFIELD,R. LEEP STRIP,PR,PR,"HURDSFIELD, ND 58451",1894,TWIN CITIES,07,N, , , , , , , , ,N,001, , , , , , , , , , , ,47.5480530556,-99.9470686111,38,ND,0,10
79,17309.75*A,AIRPORT,37ND,01/18/2007,AGL,BIS,ND,NORTH DAKOTA,DUNN,ND,DUNN CENTER,SUNSET STRIP,PR,PR,"HALLIDAY, ND 58636",2360,BILLINGS,09,SE, , , , , , , , ,N,001, , , , , , , , , , , ,47.231956111100004,-102.5090725,38,ND,0,10
174,17394.*A,AIRPORT,7NA3,01/18/2007,AGL,BIS,ND,NORTH DAKOTA,RANSOM,ND,LISBON,HIAM PVT,PR,PR,"LISBON, ND 58054",1251,TWIN CITIES,06,S,04/1986, , , , , , , ,N,001, , , , , , , , , , , ,46.3499655556,-97.6942641667,38,ND,0,10
171,17390.1*A,AIRPORT,4N4,01/18/2007,AGL,BIS,ND,NORTH DAKOTA,RICHLAND,ND,LIDGERWOOD,LIDGERWOOD MUNI,PU,PU,"LIDGERWOOD, ND 58053",1081,TWIN CITIES,01,NW,11/1984, , , , , , , ,N, , , , , , , , , , ,000300, ,46.0891269444,-97.1664777778,38,ND,0,10
184,17400.01*A,AIRPORT,NA38,01/18/2007,AGL,BIS,ND,NORTH DAKOTA,BENSON,ND,MADDOCK,SABBE BROTHERS LANDING STRIP,PR,PR,"MADDOCK, ND 58348",1572,TWIN CITIES,04,E,04/1982, , , , , , , ,N,002, , , , , , , , , , , ,47.950561666700004,-99.4295772222,38,ND,0,10
213,17428.*A,AIRPORT,5B5,01/18/2007,AGL,BIS,ND,NORTH DAKOTA,LOGAN,ND,NAPOLEON,NAPOLEON MUNI,PU,PU,"NAPOLEON, ND 58561",1983,TWIN CITIES,01,S, , , , , , , , ,N,001, , , , , , , ,000050,000100,000200, ,46.4944238889,-99.76010861110001,38,ND,0,10
155,17372.*A,AIRPORT,9Y1,01/18/2007,AGL,BIS,ND,NORTH DAKOTA,DUNN,ND,KILLDEER,WEYDAHL FIELD,PU,PU,"MANNING, ND 58642",2256,BILLINGS,02,NW, , , , , , , , ,N,002, , , , , , , ,000040,000200,000300, ,47.3927913889,-102.7707419444,38,ND,0,10
255,17459.011*A,AIRPORT,NA89,01/18/2007,AGL,BIS,ND,NORTH DAKOTA,BOWMAN,ND,SCRANTON,HOLZMAN AIRSTRIP,PR,PR,"REEDER, ND 58649",2840,BILLINGS,08,NE,08/1982, , , , , , , ,N,001, , , , , , , , , , , ,46.2222297222,-103.02127638889999,38,ND,0,10
134,17356.7*A,AIRPORT,6H8,01/18/2007,AGL,BIS,ND,NORTH DAKOTA,EMMONS,ND,HAZELTON,HAZELTON MUNI,PU,PU,"HAZELTON, ND 58544",2003,TWIN CITIES,01,E, , , ,N,N,N,N, ,N,001, , , , , , , ,000010,000030,000100,000060,46.481934444400004,-100.26983416670001,38,ND,0,10
129,17354.95*A,AIRPORT,3NA6,01/18/2007,AGL,BIS,ND,NORTH DAKOTA,WELLS,ND,HAMBERG,RISOVI RANCH STRIP,PR,PR,"FESSENDEN, ND 58438",1560,TWIN CITIES,02,E,03/1985, , , , , , , ,N,001, , , , , , , , , , , ,47.770559166700004,-99.4617922222,38,ND,0,10
106,17337.23*A,AIRPORT,ND87,01/18/2007,AGL,BIS,ND,NORTH DAKOTA,MC LEAN,ND,GARRISON,INDIAN HILL RESORT,PR,PR,"GARRISON, ND 58540",2010,BILLINGS,35,W,06/1991, , , , , , , ,N, , , , , , , , , , , , ,47.6055613889,-102.10461611110001,38,ND,0,10
201,17410.*A,AIRPORT,4R6,01/18/2007,AGL,BIS,ND,NORTH DAKOTA,SARGENT,ND,MILNOR,MILNOR MUNI,PU,PU,"MILNOR, ND 58060",1091,TWIN CITIES,01,E, , , ,N,N,N,N, ,N,002, , , , , , , ,000010,000240,000070, ,46.2582941667,-97.4378686111,38,ND,0,10
185,17400.02*A,AIRPORT,0NA5,01/18/2007,AGL,BIS,ND,NORTH DAKOTA,BENSON,ND,MADDOCK,SORLIE,PR,PR,"MADDOCK, ND 58348",1580,TWIN CITIES,03,NW,03/1983, , , , , , , ,N, , , , , , , , , , , , ,48.0011202778,-99.5629113889,38,ND,0,10
208,17418.5*A,AIRPORT,D06,01/18/2007,AGL,BIS,ND,NORTH DAKOTA,WALSH,ND,MINTO,MINTO MUNI,PR,PU,"MINTO, ND 58261",820,TWIN CITIES,01,W, , , , , , , , ,N,007,001, , , , , , , ,001600,000600, ,48.2833213889,-97.39202111110001,38,ND,0,10
148,17365.4*A,AIRPORT,52ND,01/18/2007,AGL,BIS,ND,NORTH DAKOTA,CASS,ND,HUNTER,RICHTSMEIER,PR,PR,"HUNTER, ND 58048-9761",1047,TWIN CITIES,03,W, , , , , , , , ,N,001, , , , , , , , , , , ,47.1894241667,-97.2895325,38,ND,0,10
46,17278.8*A,AIRPORT,NA81,01/18/2007,AGL,BIS,ND,NORTH DAKOTA,TRAILL,ND,BUXTON,CENTRAL VALLEY AVIATION,PR,PR,"BUXTON, ND 58218",920,TWIN CITIES,02,NE,08/1982, , , , , , , ,N,002, , , , , , , , , , , ,47.628312222199995,-97.0864738889,38,ND,0,10
223,17434.3*A,AIRPORT,4V4,01/18/2007,AGL,BIS,ND,NORTH DAKOTA,GRAND FORKS,ND,NORTHWOOD,NORTHWOOD MUNI-VINCE FIELD,PU,PU,"NORTHWOOD, ND 58267",1117,TWIN CITIES,01,SW, , ,NGY,N,N, , , ,N,012, , , , , , , ,000020,001600,000200,000010,47.7242333333,-97.5904222222,38,ND,0,10
55,17285.52*A,AIRPORT,23ND,01/18/2007,AGL,BIS,ND,NORTH DAKOTA,OLIVER,ND,CENTER,MINNKOTA PRIVATE,PR,PR,"GRAND FORKS, ND 58208-3200",2110,BILLINGS,03,SE,07/1986, , , , , , , ,N, , , , , , , , , , ,000300, ,47.0822172222,-101.2670922222,38,ND,0,10
1,17240.*A,AIRPORT,ND07,01/18/2007,AGL,BIS,ND,NORTH DAKOTA,CASS,ND,ABSARAKA,PUNTON PRIVATE,PR,PR,"AYR, ND 58007-9720",1105,TWIN CITIES,02,NW,08/1994, , , , , , , ,N,001, , , , , , , , , , , ,47.0027777778,-97.4072222222,38,ND,0,10
73,17302.*A,AIRPORT,DVL,01/18/2007,AGL,BIS,ND,NORTH DAKOTA,RAMSEY,ND,DEVILS LAKE,DEVILS LAKE RGNL,PU,PU,"DEVILS LAKE, ND 58301",1456,TWIN CITIES,02,W, ,I A S 01/2004,NGY3,N,N,N,Y, ,N,051,008, , , , , , ,002437,015300,004755,000850,48.1143055556,-98.90869444440001,38,ND,3327,10
267,17467.51*A,AIRPORT,NA71,01/18/2007,AGL,BIS,ND,NORTH DAKOTA,KIDDER,ND,TAPPEN,M. BODVIG AIRSTRIP,PR,PR,"TAPPEN, ND 58487",1750,TWIN CITIES,08,N,07/1982, , , , , , , ,N,001, , , , , , , , , , , ,46.9958202778,-99.6712177778,38,ND,0,10
116,17349.13*A,AIRPORT,RDR,01/18/2007,AGL,BIS,ND,NORTH DAKOTA,GRAND FORKS,ND,GRAND FORKS,GRAND FORKS AFB,MA,PR,"GRAND FORKS, ND 58201",913,TWIN CITIES,13,W, , , ,N,N,N,Y, ,Y, , , , , , , , , , , ,030000,47.9611666667,-97.40116666670001,38,ND,59,10
288,17484.1*A,AIRPORT,BWP,01/18/2007,AGL,BIS,ND,NORTH DAKOTA,RICHLAND,ND,WAHPETON,HARRY STERN,PU,PU,"WAHPETON, ND 58074",968,TWIN CITIES,01,S, , ,NGY,N,N,N,Y, ,N,027,003, , , ,005, , ,000600,006000,003400,000040,46.244108583300005,-96.60736080560001,38,ND,0,10
75,17304.*A,AIRPORT,DIK,01/18/2007,AGL,BIS,ND,NORTH DAKOTA,STARK,ND,DICKINSON,DICKINSON - THEODORE ROOSEVELT RGNL,PU,PU,"DICKINSON, ND 58601-9282",2592,BILLINGS,05,S, ,III A S 07/2006,NGY3,N,N,N,Y, ,N,017,005, , , , , , ,009034,002000,001450,000100,46.7973888889,-102.8019527778,38,ND,5010,10
145,17362.121*A,AIRPORT,5ND9,01/18/2007,AGL,BIS,ND,NORTH DAKOTA,TRAILL,ND,HILLSBORO,DECK,PR,PR,"HILLSBORO, ND 58045",916,TWIN CITIES,04,N, , , , , , , , ,N,006, , , , , , , , , , , ,47.4847019444,-97.0748091667,38,ND,0,10
210,17424.51*A,AIRPORT,8NA5,01/18/2007,AGL,BIS,ND,NORTH DAKOTA,STUTSMAN,ND,MONTPELIER,LIECHTY FARM,PR,PR,"MONTPELIER, ND 58472",1505,TWIN CITIES,03,SW,07/1986, , , , , , , ,N, , , , , , , , , , , , ,46.6630358333,-98.6303752778,38,ND,0,10
285,17473.85*C,SEAPLANE BASE,8NA1,01/18/2007,AGL,BIS,ND,NORTH DAKOTA,MC HENRY,ND,UPHAM,DEEP RIVER,PR,PR,"UPHAM, ND 58789",1420,TWIN CITIES,03,NW,04/1986, , , , , , , ,N,001, , , , , , , , , , , ,48.6227875,-100.7829197222,38,ND,0,10
221,17433.7*A,AIRPORT,05D,01/18/2007,AGL,BIS,ND,NORTH DAKOTA,MOUNTRAIL,ND,NEW TOWN,NEW TOWN MUNI,PU,PU,"NEW TOWN, ND 58763",1925,BILLINGS,01,SE, , ,Y1,N,N,N,Y, ,N,002, , , , , , , ,000300,000200,000300, ,47.9669588889,-102.4779577778,38,ND,0,10
297,17493.*A,AIRPORT,D64,01/18/2007,AGL,BIS,ND,NORTH DAKOTA,BOTTINEAU,ND,WESTHOPE,WESTHOPE MUNI,PU,PU,"WESTHOPE, ND 58793",1494,BILLINGS,00,W, , ,Y1,N,N,N,Y, ,N,003,001, , , , , , ,000010,000010,000200,000010,48.913353055600005,-101.03349,38,ND,0,10
76,17304.01*A,AIRPORT,7ND1,01/18/2007,AGL,BIS,ND,NORTH DAKOTA,DUNN,ND,DICKINSON,WOLBERG'S PRIVATE,PR,PR,"DICKINSON, ND 58601",2540,BILLINGS,09,N, , , , , , , , ,N,001, , , , , , , , , , , ,47.0361222222,-102.77823888889999,38,ND,0,10
78,17308.83*A,AIRPORT,D29,01/18/2007,AGL,BIS,ND,NORTH DAKOTA,WALSH,ND,DRAYTON,DRAYTON MUNI,PU,PU,"DRAYTON, ND 58225",798,TWIN CITIES,03,N, , , , , , , , ,N,002, , , , , , , , , , , ,48.6185958333,-97.1759036111,38,ND,0,10
99,17330.95*A,AIRPORT,0ND0,01/18/2007,AGL,BIS,ND,NORTH DAKOTA,BENSON,ND,FLORA,GILBERTSON FIELD,PR,PR,"MADDOCK, ND 58348",1550,TWIN CITIES,02,SE, , , , , , , , ,N, , , , , , , , , , , , ,47.9291713889,-99.40040972220001,38,ND,0,10
15,17249.1*A,AIRPORT,1A2,01/18/2007,AGL,BIS,ND,NORTH DAKOTA,CASS,ND,ARTHUR,ARTHUR,PU,PU,"ARTHUR, ND 58006",973,TWIN CITIES,01,NE, , , , , , , , ,N,004, , , , , , , ,000010,000300,000200, ,47.1110877778,-97.2073094444,38,ND,0,10
188,17403.*A,AIRPORT,Y19,01/18/2007,AGL,BIS,ND,NORTH DAKOTA,MORTON,ND,MANDAN,MANDAN MUNI,PU,PU,"MANDAN, ND 58554",1944,TWIN CITIES,04,S, , ,NGY,N,N,N,Y, ,N,030,002, , , , , , ,000300,004400,003000,000400,46.7682366667,-100.8943433333,38,ND,0,10
84,17319.411*A,AIRPORT,NA84,01/18/2007,AGL,BIS,ND,NORTH DAKOTA,STUTSMAN,ND,ELDRIDGE,L. SECKERSON AIRSTRIP,PR,PR,"ELDRIDGE, ND 58435",1740,TWIN CITIES,09,SW,08/1982, , , , , , , ,N,002, , , , , , , , , , , ,46.8005394444,-99.0051097222,38,ND,0,10
196,17406.1*A,AIRPORT,7NA4,01/18/2007,AGL,BIS,ND,NORTH DAKOTA,TRAILL,ND,MAYVILLE,INGEBRETSON AIRSPRAY,PR,PR,"MAYVILLE, ND 58257",982,TWIN CITIES,01,NW,03/1986, , , , , , , ,N,003, , , , , , , , , , , ,47.5172072222,-97.3337016667,38,ND,0,10
237,17451.91*A,AIRPORT,14ND,01/18/2007,AGL,BIS,ND,NORTH DAKOTA,ADAMS,ND,REEDER,HAGEN PRIVATE,PR,PR,"REEDER, ND 58649",2810,BILLINGS,07,NE, , , , , , , , ,N,001, , , , , , , , , , , ,46.207785,-102.90849555560001,38,ND,0,10
175,17394.1*A,AIRPORT,6L3,01/18/2007,AGL,BIS,ND,NORTH DAKOTA,RANSOM,ND,LISBON,LISBON MUNI,PU,PU,"LISBON, ND 58054",1240,TWIN CITIES,02,W, , , ,N,N,N,N, ,N,009, , , , , ,001, ,000050,000900,000300,000006,46.446634722199995,-97.7273222222,38,ND,0,10
85,17319.71*A,AIRPORT,Y71,01/18/2007,AGL,BIS,ND,NORTH DAKOTA,GRANT,ND,ELGIN,ELGIN MUNI,PU,PU,"ELGIN, ND 58533",2355,BILLINGS,01,S, , , , , , , , ,N,002, , , , , , , ,000020,000040,000100, ,46.3827844444,-101.845145,38,ND,0,10
121,17353.11*A,AIRPORT,NA63,01/18/2007,AGL,BIS,ND,NORTH DAKOTA,DIVIDE,ND,GRENORA,STORSETH AIRSTRIP,PR,PR,"GRENORA, ND 58845",2200,BILLINGS,06,NE,07/1982, , , , , , , ,N,001, , , , , , , , , , , ,48.6666952778,-103.85631611110001,38,ND,0,10
147,17365.04*A,AIRPORT,8NA9,01/18/2007,AGL,BIS,ND,NORTH DAKOTA,STEELE,ND,HOPE,HASHBARGER FARM AIRSTRIP,PR,PR,"HOPE, ND 58046",1195,TWIN CITIES,02,E,12/1986, , , , , , , ,N,002, , , , , , , , , , , ,47.3280433333,-97.6789844444,38,ND,0,10
100,17331.*A,AIRPORT,ND14,01/18/2007,AGL,BIS,ND,NORTH DAKOTA,WALSH,ND,FORDVILLE,FORDVILLE,PR,PR,"FORDVILLE, ND 58231",1154,TWIN CITIES,02,NW, , , ,N,N,N,N, ,N, , , , , , , , , , ,000100, ,48.234715555600005,-97.8017563889,38,ND,0,10
95,17328.02*H,HELIPORT,ND45,01/18/2007,AGL,BIS,ND,NORTH DAKOTA,CASS,ND,FARGO,DAKOTA SPECIALTY INSTITUTE HOSPITAL,PR,PR,"FARGO, ND 58103",908,TWIN CITIES,00,N,12/2002, , , , , , , ,N, , , , , , , , , , , , ,46.8315166667,-96.82918333330001,38,ND,0,10
189,17403.02*A,AIRPORT,64ND,01/18/2007,AGL,BIS,ND,NORTH DAKOTA,MORTON,ND,MANDAN,Z. P. FIELD,PR,PR,"MANDAN, ND 58554",1840,BILLINGS,08,W, , , , , , , , ,N,001, , , , , , , , , , , ,46.8508275,-101.075415,38,ND,0,10
277,17470.51*A,AIRPORT,20ND,01/18/2007,AGL,BIS,ND,NORTH DAKOTA,MC LEAN,ND,TURTLE LAKE,CROOKED LAKE AIRSTRIP,PR,PR,"TURTLE LAKE, ND 58575",1900,TWIN CITIES,09,N, , , , , , , , ,N,001, , , , , , , , , , , ,47.6538886111,-100.8909775,38,ND,0,10
111,17341.5*A,AIRPORT,08ND,01/18/2007,AGL,BIS,ND,NORTH DAKOTA,MERCER,ND,GOLDEN VALLEY,BRECHT STRIP,PR,PR,"GOLDEN VALLEY, ND 58541",1990,BILLINGS,03,NW, , , , , , , , ,N,001, , , , , , , , , , , ,47.3230638889,-102.0976730556,38,ND,0,10
12,17247.5*A,AIRPORT,6ND3,01/18/2007,AGL,BIS,ND,NORTH DAKOTA,CASS,ND,ARGUSVILLE,LISBURG,PR,PR,"ARGUSVILLE, ND 58005",885,TWIN CITIES,01,N, , , , , , , , ,N,002, , , , , , , , , , , ,47.0696933333,-96.9406386111,38,ND,0,10
27,17260.5*A,AIRPORT,6ND9,01/18/2007,AGL,BIS,ND,NORTH DAKOTA,WARD,ND,BERTHOLD,SKINNINGSRUD,PR,PR,"BERTHOLD, ND 58718",2010,BILLINGS,05,N, , , , , , , , ,N,002, , , , , , , , , , , ,48.392793611100004,-101.7640511111,38,ND,0,10
281,17472.022*A,AIRPORT,ND44,01/18/2007,AGL,BIS,ND,NORTH DAKOTA,MC LEAN,ND,UNDERWOOD,UNDERWOOD,PR,PR,"UNDERWOOD, ND 58576",2050,TWIN CITIES,05,SW,11/2002, , , , , , , ,N, , , , , , , , , , , , ,47.4666666667,-101.13388888889999,38,ND,0,10
101,17333.2*A,AIRPORT,Y27,01/18/2007,AGL,BIS,ND,NORTH DAKOTA,SIOUX,ND,FORT YATES,STANDING ROCK,PU,PU,"FORT YATES, ND 58538",1633,TWIN CITIES,01,S, , ,NGY,N,N, ,Y, ,N, , , , , , , , ,000100, ,000100, ,46.0663855556,-100.6348491667,38,ND,0,10
204,17417.31*A,AIRPORT,89ND,01/18/2007,AGL,BIS,ND,NORTH DAKOTA,WARD,ND,MINOT,POLESCHOOK,PR,PR,"MAX, ND 50759",2245,BILLINGS,20,S, , , , , , , , ,N,002, , , , , , , , , , , ,47.9113947222,-101.24932638890002,38,ND,0,10
54,17285.02*H,HELIPORT,ND81,01/18/2007,AGL,BIS,ND,NORTH DAKOTA,PEMBINA,ND,CAVALIER,GRAND FORKS PAR SITE,PR,PR,"CAVALIER AFS, ND 58220-9314",1182,TWIN CITIES,02,E,10/1994, , , , , , , ,N, , , , , , , , , , , , ,48.721938333299995,-97.9112097222,38,ND,0,10
38,17271.*A,AIRPORT,BPP,01/18/2007,AGL,BIS,ND,NORTH DAKOTA,BOWMAN,ND,BOWMAN,BOWMAN MUNI,PU,PU,"BOWMAN, ND 58623",2958,BILLINGS,02,W, , ,NGY,N,N,N,Y, ,N,015, , , , , , , ,000300,001200,001400,000010,46.1869911111,-103.4280805556,38,ND,0,10
154,17371.4*H,HELIPORT,3NA7,01/18/2007,AGL,BIS,ND,NORTH DAKOTA,FOSTER,ND,KENSAL,J. R.,PR,PR,"KENSAL, ND 58455",1530,TWIN CITIES,05,N,03/1985, , , , , , , ,N, , , ,002, , ,001, , , , , ,47.3861075,-98.7170480556,38,ND,0,10
28,17260.52*A,AIRPORT,4NA5,01/18/2007,AGL,BIS,ND,NORTH DAKOTA,WARD,ND,BERTHOLD,BERG STRIP,PR,PR,"BERTHOLD, ND 58718",2250,BILLINGS,04,SW,07/1985, , , , , , , ,N, , , , , , , , , , , , ,48.2883463889,-101.82821916670001,38,ND,0,10
72,17297.5*A,AIRPORT,81ND,01/18/2007,AGL,BIS,ND,NORTH DAKOTA,MC HENRY,ND,DEERING,MILLERS AIRSTRIP,PR,PR,"DEERING, ND 58731",1545,BILLINGS,01,S, , , , , , , , ,N,001, , , , , , , , , , , ,48.3886272222,-101.0448747222,38,ND,0,10
299,17495.*A,AIRPORT,ND23,01/18/2007,AGL,BIS,ND,NORTH DAKOTA,WILLIAMS,ND,WILLISTON,WRIGHT FLD,PR,PR,"WILLISTON, ND 58801",1885,BILLINGS,03,N, , , ,N,N,N,N, ,N,006, , , , , , , , ,001400,000050, ,48.1880791667,-103.6201961111,38,ND,0,10
198,17406.81*H,HELIPORT,9NA2,01/18/2007,AGL,BIS,ND,NORTH DAKOTA,STUTSMAN,ND,MEDINA,DAKOTA CLINIC,PU,PR,"MEDINA, ND 58467",1795,TWIN CITIES,00,N,08/1987, , , , , , , ,N, , , , , , , , , , , , ,46.893597777800004,-99.29233333330001,38,ND,0,10
93,17328.*A,AIRPORT,FAR,01/18/2007,AGL,BIS,ND,NORTH DAKOTA,CASS,ND,FARGO,HECTOR INTL,PU,PU,"FARGO, ND 58108",902,TWIN CITIES,03,NW, ,I C S 05/1973,NGPY3,Y,N,Y,Y,A,Y,102,045,036,005, ,022, ,006425,015628,020446,024196,007514,46.920649999999995,-96.81576388890001,38,ND,285298,10
16,17250.*A,AIRPORT,ND60,01/18/2007,AGL,BIS,ND,NORTH DAKOTA,GRAND FORKS,ND,ARVILLA,FROKJER,PR,PR,"ARVILLA, ND 58214",953,TWIN CITIES,03,N,06/1991, , , , , , , ,N,002, , , , , , , , , , , ,47.958877777800005,-97.4798072222,38,ND,0,10
63,17287.2*A,AIRPORT,D49,01/18/2007,AGL,BIS,ND,NORTH DAKOTA,BURKE,ND,COLUMBUS,COLUMBUS MUNI,PU,PU,"COLUMBUS, ND 58727",1930,BILLINGS,01,SW, , ,1,N,N,N,N, ,N,002, , , , , , , ,000010,000100,000100, ,48.8986433333,-102.79212055560001,38,ND,0,10
164,17382.03*A,AIRPORT,7ND8,01/18/2007,AGL,BIS,ND,NORTH DAKOTA,CAVALIER,ND,LANGDON,FOREST,PR,PR,"WALES, ND 58281",1570,TWIN CITIES,14,NW, , , , , , , , ,N,001, , , , , , , , , , , ,48.8522280556,-98.74818222220001,38,ND,0,10
228,17439.11*A,AIRPORT,64G,01/18/2007,AGL,BIS,ND,NORTH DAKOTA,CASS,ND,PAGE,PAGE RGNL,PR,PU,"PAGE, ND 58064",1215,TWIN CITIES,04,E,12/1987, , , , , , , ,N,008,002, , , , , , ,000020,002400,000900, ,47.169705,-97.48036638890001,38,ND,0,10
163,17382.*A,AIRPORT,D55,01/18/2007,AGL,BIS,ND,NORTH DAKOTA,CAVALIER,ND,LANGDON,ROBERTSON FIELD,PU,PU,"LANGDON, ND 58249",1608,TWIN CITIES,01,W, , ,NGY,N,N,N,Y, ,N,012, , , , , , , ,000200,001200,000500, ,48.7530177778,-98.3933369444,38,ND,0,10
220,17433.01*A,AIRPORT,NA44,01/18/2007,AGL,BIS,ND,NORTH DAKOTA,EDDY,ND,NEW ROCKFORD,GEORGESON FARM STRIP,PR,PR,"NEW ROCKFORD, ND 58356",1535,TWIN CITIES,02,SW,04/1982, , , , , , , ,N,001, , , , , , , , , , , ,47.6541652778,-99.1595616667,38,ND,0,10
272,17468.42*A,AIRPORT,4ND1,01/18/2007,AGL,BIS,ND,NORTH DAKOTA,GRAND FORKS,ND,THOMPSON,KNUTSON,PR,PR,"TIOGA, ND 58852",880,TWIN CITIES,03,NW, , , , , , , , ,N,003,001, ,002, , , , , , , , ,47.7927575,-97.15369388890001,38,ND,0,10
7,17245.41*A,AIRPORT,ND73,01/18/2007,AGL,BIS,ND,NORTH DAKOTA,CASS,ND,AMENIA,PETERSON,PR,PR,"AMENIA, ND 58004",999,TWIN CITIES,03,NW, , , , , , , , ,N,001, , , , , , , , , , , ,47.0483091667,-97.2556433333,38,ND,0,10
87,17321.*A,AIRPORT,5N4,01/18/2007,AGL,BIS,ND,NORTH DAKOTA,RANSOM,ND,ENDERLIN,SKY HAVEN,PU,PU,"ENDERLIN, ND 58027",1147,TWIN CITIES,01,W, , , ,N,N,N,N, ,N,004, , , , , , , ,000020,000500,001000, ,46.627194722199995,-97.6203758333,38,ND,0,10
97,17328.11*A,AIRPORT,D54,01/18/2007,AGL,BIS,ND,NORTH DAKOTA,CASS,ND,FARGO,WEST FARGO MUNI,PU,PU,"WEST FARGO, ND 58078",896,TWIN CITIES,06,NW, , , , , , , , ,N,039,001, , , , , , ,000150,006000,003000,000100,46.900800833299996,-96.9186952778,38,ND,0,10
44,17278.7*A,AIRPORT,NA30,01/18/2007,AGL,BIS,ND,NORTH DAKOTA,WARD,ND,BURLINGTON,BEHRENS AIRSTRIP,PR,PR,"MINOT, ND 58701",1740,BILLINGS,02,E,04/1982, , , , , , , ,N,001, , , , , , , , , , , ,48.2722322222,-101.3962741667,38,ND,0,10
240,17451.981*A,AIRPORT,NA02,01/18/2007,AGL,BIS,ND,NORTH DAKOTA,GRAND FORKS,ND,REYNOLDS,SAURE,PR,PR,"REYNOLDS, ND 58275",870,TWIN CITIES,03,NE, , , , , , , , ,N,002, , , , , , , , , , , ,47.7049777778,-97.0548052778,38,ND,0,10
224,17434.31*A,AIRPORT,72ND,01/18/2007,AGL,BIS,ND,NORTH DAKOTA,STEELE,ND,NORTHWOOD,BERG FIELD,PR,PR,"HATTON, ND 58240",1111,TWIN CITIES,04,S, , , , , , , , ,N,001, , , , , , , , , , , ,47.661099166700005,-97.5920330556,38,ND,0,10
81,17317.1*A,AIRPORT,51D,01/18/2007,AGL,BIS,ND,NORTH DAKOTA,LA MOURE,ND,EDGELEY,EDGELEY MUNI,PU,PU,"EDGELEY, ND 58433",1600,TWIN CITIES,01,SW, , ,NG,N,N,N,N, ,N,004, , , , , , , ,000020,000100,000100,000010,46.348583333300006,-98.7355555556,38,ND,0,10
238,17451.93*A,AIRPORT,NA88,01/18/2007,AGL,BIS,ND,NORTH DAKOTA,BURLEIGH,ND,REGAN,REGAN AIRSTRIP,PR,PR,"REGAN, ND 58477",2060,TWIN CITIES,06,NE,08/1982, , , , , , , ,N, , , , , , , , , , , , ,47.2238822222,-100.4234530556,38,ND,0,10
136,17356.72*A,AIRPORT,48ND,01/18/2007,AGL,BIS,ND,NORTH DAKOTA,EMMONS,ND,HAZELTON,SCHIRMEISTER PRIVATE,PR,PR,"HAZELTON, ND 58544",1650,TWIN CITIES,11,SE, , , , , , , , ,N,001, , , , , , , , , , , ,46.512493888899996,-100.5503975,38,ND,0,10
298,17493.7*A,AIRPORT,ND68,01/18/2007,AGL,BIS,ND,NORTH DAKOTA,CASS,ND,WHEATLAND,VINING,PR,PR,"WHEATLAND, ND 58079",980,TWIN CITIES,03,NE, , , ,N,N, , , ,N,002, , , , , ,001, , ,000150,000040, ,46.9558080556,-97.30120000000001,38,ND,0,10
271,17468.03*A,AIRPORT,1NA9,01/18/2007,AGL,BIS,ND,NORTH DAKOTA,DUNN,ND,TAYLOR,MYRAN AIRSTRIP,PR,PR, ,2120,BILLINGS,10,NW,12/1983, , , , , , , ,N,001, , , , , , , , , , , ,47.0333411111,-102.49574027780001,38,ND,0,10
127,17354.912*A,AIRPORT,44ND,01/18/2007,AGL,BIS,ND,NORTH DAKOTA,DUNN,ND,HALLIDAY,FREDERICKS RANCH,PR,PR,"HALLIDAY, ND 58636",2225,BILLINGS,11,N, , , , , , , , ,N,001, , , , , , , , , , , ,47.527783611100006,-102.24128583330001,38,ND,0,10
19,17254.5*A,AIRPORT,ND80,01/18/2007,AGL,BIS,ND,NORTH DAKOTA,BURLEIGH,ND,BALDWIN,SPITZER,PR,PR,"WILTON, ND 58579",2050,TWIN CITIES,03,NE, , , , , , , , ,N,001, , , , , , , , , , , ,47.081658611099996,-100.7251294444,38,ND,0,10
308,17504.03*A,AIRPORT,NA21,01/18/2007,AGL,BIS,ND,NORTH DAKOTA,RICHLAND,ND,WYNDMERE,THOMPSON PRIVATE,PR,PR,"WYNDMERE, ND 58081",1075,TWIN CITIES,06,SW, , , , , , , , ,N, , , , , , , , , , , , ,46.2282938889,-97.2362008333,38,ND,0,10
253,17458.01*A,AIRPORT,8ND0,01/18/2007,AGL,BIS,ND,NORTH DAKOTA,TOWNER,ND,SARLES,AMBLE - TIGER NORTH FARMS,PR,PR,"SARLES, ND 58372",1590,TWIN CITIES,03,SW, , , , , , , , ,N, , , , , , , , , , , , ,48.9013955556,-99.0167961111,38,ND,0,10
290,17484.4*A,AIRPORT,96D,01/18/2007,AGL,BIS,ND,NORTH DAKOTA,PEMBINA,ND,WALHALLA,WALHALLA MUNI,PU,PU,"WAHALLA, ND 58282",953,TWIN CITIES,01,NE, , ,N1,N,N,N, , ,N,009, , , , , , , ,000200,000600,000400, ,48.9405722222,-97.90277499999999,38,ND,0,10
114,17347.01*A,AIRPORT,7ND2,01/18/2007,AGL,BIS,ND,NORTH DAKOTA,WALSH,ND,GRAFTON,KELLY'S FIELD,PR,PR,"GRAFTON, ND 58237",810,TWIN CITIES,06,SE, , , , , , , , ,N,003, , , , , ,002, , , , , ,48.3727647222,-97.32007499999999,38,ND,0,10
216,17430.94*A,AIRPORT,6NA7,01/18/2007,AGL,BIS,ND,NORTH DAKOTA,BOTTINEAU,ND,NEWBURG,KERSTEN BROTHERS,PR,PR,"NEWBURG, ND 58762",1473,TWIN CITIES,01,N,12/1985, , , , , , , ,N,001, , , , , , , , , , , ,48.730295833300005,-100.9215408333,38,ND,0,10
211,17426.*A,AIRPORT,3P3,01/18/2007,AGL,BIS,ND,NORTH DAKOTA,HETTINGER,ND,MOTT,MOTT MUNI,PU,PU,"MOTT, ND 58646",2411,BILLINGS,01,S, , ,NGY,N,N,N,Y, ,N,007, , , , , , , ,000030,000700,000400,000020,46.359725,-102.32293888890001,38,ND,0,10
89,17322.*A,AIRPORT,ND34,01/18/2007,AGL,BIS,ND,NORTH DAKOTA,WILLIAMS,ND,EPPING,MOEN,PR,PR,"EPPING, ND 58843",2200,BILLINGS,00,S,10/2002, , , , , , , ,N, , , , , , , , , , , , ,48.275000000000006,-103.35000000000001,38,ND,0,10
21,17255.01*A,AIRPORT,NA55,01/18/2007,AGL,BIS,ND,NORTH DAKOTA,RICHLAND,ND,BARNEY,HAGER STRIP,PR,PR,"BARNEY, ND 58008",1037,TWIN CITIES,01,W,07/1982, , , , , , , ,N,001, , , , , , , , , , , ,46.2660708333,-97.0161961111,38,ND,0,10
292,17486.1*A,AIRPORT,3NA2,01/18/2007,AGL,BIS,ND,NORTH DAKOTA,MC LEAN,ND,WASHBURN,LORENTZEN,PR,PR,"WASHBURN, ND 58577",1790,BILLINGS,02,W,11/1984, , , , , , , ,N,001, , , , , , , , , , , ,47.3027716667,-101.0670922222,38,ND,0,10
287,17477.21*A,AIRPORT,NA13,01/18/2007,AGL,BIS,ND,NORTH DAKOTA,MC HENRY,ND,VELVA,LINRUD AIRSTRIP,PR,PR,"VELVA, ND 58790",1605,TWIN CITIES,03,N, , , , , , , , ,N,003,001, , , , ,001, , , , , ,48.1222316667,-100.9370944444,38,ND,0,10
166,17386.11*A,AIRPORT,2L1,01/18/2007,AGL,BIS,ND,NORTH DAKOTA,GRAND FORKS,ND,LARIMORE,LARIMORE MUNI,PU,PU,"LARIMORE, ND 58251",1130,TWIN CITIES,01,W, , , ,N,N,N,N, ,N,018, , ,003, , , , ,000010,002500,004000,000080,47.9069344444,-97.6406427778,38,ND,0,10
4,17244.32*A,AIRPORT,7ND7,01/18/2007,AGL,BIS,ND,NORTH DAKOTA,MC KENZIE,ND,ALEXANDER,HAUGEN'S,PR,PR,"ALEXANDER, ND 58831",2330,BILLINGS,14,SW, , , , , , , , ,N,001, , , , , , , , , , , ,47.6825175,-103.7282544444,38,ND,0,10
24,17255.5*A,AIRPORT,5ND3,01/18/2007,AGL,BIS,ND,NORTH DAKOTA,PEMBINA,ND,BATHGATE,CRAIG PRIVATE,PR,PR,"BATHGATE, ND 58216",800,TWIN CITIES,07,SE, , , , , , , , ,N,003, , , , , , , , , , , ,48.8555436111,-97.3220172222,38,ND,0,10
227,17437.9*A,AIRPORT,3ND5,01/18/2007,AGL,BIS,ND,NORTH DAKOTA,BARNES,ND,ORISKA,GAGE FLYING FARMER,PR,PR,"ORISKA, ND 58063",1235,TWIN CITIES,08,N, , , , , , , , ,N,002, , , , , , , , , , , ,47.061091111100005,-97.7712133333,38,ND,0,10
182,17399.7*A,AIRPORT,8M6,01/18/2007,AGL,BIS,ND,NORTH DAKOTA,NELSON,ND,MC VILLE,MC VILLE MUNI,PU,PU,"MC VILLE, ND 58254",1473,TWIN CITIES,01,NW, , , ,N,N, , , ,N,002, , , , , , , ,000010,000300,000300, ,47.7830511111,-98.1864875,38,ND,0,10
222,17434.1*A,AIRPORT,2ND9,01/18/2007,AGL,BIS,ND,NORTH DAKOTA,RENVILLE,ND,NORMA,BREKHUS FLD,PR,PR,"NORMA, ND 58766",1850,BILLINGS,07,NE, , , , , , , , ,N,003,001, , , , , , , , , , ,48.8166883333,-101.9171080556,38,ND,0,10
119,17351.02*A,AIRPORT,NA61,01/18/2007,AGL,BIS,ND,NORTH DAKOTA,BILLINGS,ND,GRASSY BUTTE,TACHENKO STRIP,PR,PR,"GRASSY BUTTE, ND 58634",2686,BILLINGS,06,SE,07/1982, , , , , , , ,N,001, , , , , , , , , , , ,47.2955705556,-103.1887963889,38,ND,0,10
269,17468.*A,AIRPORT,ND62,01/18/2007,AGL,BIS,ND,NORTH DAKOTA,STARK,ND,TAYLOR,BRANDS,PR,PR,"TAYLOR, ND 58656-6624",2423,BILLINGS,03,SW, , , , , , , , ,N, , , , , , , , , , , , ,46.8483397222,-102.4579558333,38,ND,0,10
291,17486.*A,AIRPORT,5C8,01/18/2007,AGL,BIS,ND,NORTH DAKOTA,MC LEAN,ND,WASHBURN,WASHBURN MUNI,PU,PU,"WASHBURN, ND 58577",1905,BILLINGS,04,N, , ,N,N,N,N,Y, ,N,006,001, , , , , , ,000048,000700,000400,000100,47.353049999999996,-101.0273680556,38,ND,0,10
13,17247.51*A,AIRPORT,1ND4,01/18/2007,AGL,BIS,ND,NORTH DAKOTA,CASS,ND,ARGUSVILLE,WALKINSHAW,PR,PR,"ARGUSVILLE, ND 58005",900,TWIN CITIES,03,W, , , , , , , , ,N,013,001, , , , , , , ,004000,000020, ,47.0583061111,-97.01702944440001,38,ND,0,10
260,17462.35*A,AIRPORT,NA07,01/18/2007,AGL,BIS,ND,NORTH DAKOTA,BOTTINEAU,ND,SOURIS,KORNKVEN AIRSTRIP,PR,PR,"SOURIS, ND 58783",1505,TWIN CITIES,02,S, , , , , , , , ,N,001, , , , , , , , , , , ,48.886404166700004,-100.6951494444,38,ND,0,10
58,17285.752*A,AIRPORT,8ND6,01/18/2007,AGL,BIS,ND,NORTH DAKOTA,CASS,ND,CHAFFEE,J VINING,PR,PR,"LEONARD, ND 58052",1025,TWIN CITIES,05,SW, , , , , , , , ,N,001, , , , , , , , , , , ,46.7127508333,-97.3909261111,38,ND,0,10
91,17324.*A,AIRPORT,NA33,01/18/2007,AGL,BIS,ND,NORTH DAKOTA,PIERCE,ND,ESMOND,RIPPLINGER STRIP,PR,PR,"ESMOND, ND 58332",1600,TWIN CITIES,07,SW,04/1982, , , , , , , ,N,001, , , , , , , , , , , ,48.0011158333,-99.9259638889,38,ND,0,10
98,17329.*A,AIRPORT,D24,01/18/2007,AGL,BIS,ND,NORTH DAKOTA,WELLS,ND,FESSENDEN,FESSENDEN MUNI,PU,PU,"FESSENDEN, ND 58438",1619,TWIN CITIES,03,NW,01/1987, , , , , , , ,N,001, , , , , , , ,000010,000800,000300, ,47.6597238889,-99.6609555556,38,ND,0,10
32,17265.05*H,HELIPORT,ND30,01/18/2007,AGL,BIS,ND,NORTH DAKOTA,BURLEIGH,ND,BISMARCK,MEDCENTER ONE HOSPITAL MED-I-PORT,PR,PR,"BISMARCK, ND 58501",1705,TWIN CITIES,00,N,03/1993, , , , , , , ,N, , , , , , , , , , , , ,46.808048888900004,-100.7831836111,38,ND,0,10
160,17378.*A,AIRPORT,5K9,01/18/2007,AGL,BIS,ND,NORTH DAKOTA,LA MOURE,ND,KULM,PRUETZ MUNI,PU,PU,"KULM, ND 58456",1982,TWIN CITIES,01,S, , , ,N,N, , , ,N,002, , , , , , , , ,000030,000010, ,46.288858611100004,-98.9420511111,38,ND,0,10
215,17430.93*A,AIRPORT,6NA6,01/18/2007,AGL,BIS,ND,NORTH DAKOTA,MC HENRY,ND,NEWBURG,MARSH BROTHERS AIRSTRIP,PR,PR,"NEWBURG, ND 58762",1481,BILLINGS,07,SW,12/1985, , , , , , , ,N,001, , , , , , , , , , , ,48.6191858333,-100.9784863889,38,ND,0,10
219,17433.*A,AIRPORT,8J7,01/18/2007,AGL,BIS,ND,NORTH DAKOTA,EDDY,ND,NEW ROCKFORD,TOMLINSON FIELD,PU,PU,"NEW ROCKFORD, ND 58356",1533,TWIN CITIES,01,N, , ,1,N,N,N,N, ,N,004, , , , , , , ,000050,000600,000300,000010,47.696387222199995,-99.1312286111,38,ND,0,10
159,17374.03*A,AIRPORT,57ND,01/18/2007,AGL,BIS,ND,NORTH DAKOTA,RICHLAND,ND,KINDRED,ODEGAARD,PR,PR,"KINDRED, ND 58051",1020,TWIN CITIES,03,SW, , , , , , , , ,N, ,001, , , , , , , , , , ,46.6082997222,-97.0595325,38,ND,0,10
94,17328.01*H,HELIPORT,ND48,01/18/2007,AGL,BIS,ND,NORTH DAKOTA,CASS,ND,FARGO,ST. LUKE'S HOSPITAL,PR,PR,"FARGO, ND 58122",975,TWIN CITIES,01,S,03/1993, , , , , , , ,N, , , ,001, , , , , , , , ,46.883575,-96.7856363889,38,ND,0,10
265,17465.2*A,AIRPORT,ND41,01/18/2007,AGL,BIS,ND,NORTH DAKOTA,EMMONS,ND,STRASBURG,VOLLER,PR,PR,"STRASBURG, ND 58573",1900,TWIN CITIES,20,E,11/1988, , , , , , , ,N,001, , , , , , , , , , , ,46.1347111111,-100.1131697222,38,ND,0,10
303,17496.1*A,AIRPORT,ISN,01/18/2007,AGL,BIS,ND,NORTH DAKOTA,WILLIAMS,ND,WILLISTON,SLOULIN FLD INTL,PU,PU,"WILLISTON, ND 58801",1982,BILLINGS,02,N, ,II A S 05/1976,NGY,Y,N,N,Y, ,N,033,002, , , , , , ,008100,011000,003650,000010,48.177938611100004,-103.6423466667,38,ND,5569,10
52,17285.*A,AIRPORT,2C8,01/18/2007,AGL,BIS,ND,NORTH DAKOTA,PEMBINA,ND,CAVALIER,CAVALIER MUNI,PU,PU,"CAVALIER, ND 58220",892,TWIN CITIES,01,SW, , ,NGY,N,N,N,N, ,N,013, , , ,001, , , ,000100,002000,000600,000050,48.7838388889,-97.6319305556,38,ND,0,10
279,17470.6*A,AIRPORT,91N,01/18/2007,AGL,BIS,ND,NORTH DAKOTA,MC LEAN,ND,TURTLE LAKE,TURTLE LAKE MUNI,PU,PU,"TURTLE LAKE, ND 58575",1910,TWIN CITIES,01,SW,05/1987, , , , , , , ,N,002,001, , , , , , ,000010,000500,000200, ,47.5094419444,-100.9159772222,38,ND,0,10
270,17468.02*A,AIRPORT,75ND,01/18/2007,AGL,BIS,ND,NORTH DAKOTA,STARK,ND,TAYLOR,JURGENS AIRSTRIP,PR,PR,"TAYLOR, ND 58656-8904",2370,BILLINGS,03,W, , , , , , , , ,N,001, , , , , , , , , , , ,46.9075066667,-102.4912922222,38,ND,0,10
263,17463.61*A,AIRPORT,NA10,01/18/2007,AGL,BIS,ND,NORTH DAKOTA,TOWNER,ND,STARKWEATHER,ANDERSON PRIVATE,PR,PR,"STARKWEATHER, ND 58377",1460,TWIN CITIES,08,SW, , , , , , , , ,N,003, , , , , , , , , , , ,48.380558888900005,-99.0337444444,38,ND,0,10
102,17334.01*A,AIRPORT,6ND2,01/18/2007,AGL,BIS,ND,NORTH DAKOTA,DICKEY,ND,FULLERTON,LARSON,PR,PR,"FULLERTON, ND 58441-9719",1442,TWIN CITIES,06,N, , , , , , , , ,N, , , , , , , , , , , , ,46.2588558333,-98.38787694439999,38,ND,0,10
112,17343.22*A,AIRPORT,0NA9,01/18/2007,AGL,BIS,ND,NORTH DAKOTA,GOLDEN VALLEY,ND,GOLVA,BOYD'S TURF,PR,PR,"SENTINEL BUTTE, ND 58654",2750,BILLINGS,09,NE,04/1983, , , , , , , ,N, , , , , , , , , , , , ,46.7500127778,-103.8010325,38,ND,0,10
230,17441.61*A,AIRPORT,97ND,01/18/2007,AGL,BIS,ND,NORTH DAKOTA,WALSH,ND,PARK RIVER,WALSER STRIP,PR,PR,"PARK RIVER, ND 58270",960,TWIN CITIES,03,NE, , , , , , , , ,N,001, , , , , , , , , , , ,48.4308261111,-97.7081433333,38,ND,0,10
103,17335.66*A,AIRPORT,9G9,01/18/2007,AGL,BIS,ND,NORTH DAKOTA,LOGAN,ND,GACKLE,GACKLE MUNI,PU,PU,"GACKLE, ND 58442",1904,TWIN CITIES,01,SW, , , ,N,N, , , ,N, , , , , , , , , , ,000020, ,46.6166441667,-99.1670541667,38,ND,0,10
172,17391.3*A,AIRPORT,ND98,01/18/2007,AGL,BIS,ND,NORTH DAKOTA,BURLEIGH,ND,LINCOLN,CLOUD NINE,PR,PR,"BISMARCK, ND 58504",1830,TWIN CITIES,02,E,05/1998, , , , , , , ,N, , , , , , , , , , , , ,46.7608333333,-100.65527777780001,38,ND,0,10
252,17457.61*A,AIRPORT,ND36,01/18/2007,AGL,BIS,ND,NORTH DAKOTA,PEMBINA,ND,ST THOMAS,DON'S,PR,PR,"CRYSTAL, ND 58222",840,TWIN CITIES,02,WNW,11/2002, , , , , , , ,N, , , , , , , , , , , , ,48.6380444444,-97.4848055556,38,ND,0,10
71,17296.*A,AIRPORT,ND09,01/18/2007,AGL,BIS,ND,NORTH DAKOTA,BARNES,ND,DAZEY,BRYN,PR,PR,"DAZEY, ND 58429",1431,TWIN CITIES,02,E, , , , , , , , ,N,002, , , , , , , , , , , ,47.1911,-98.1689844444,38,ND,0,10
305,17503.*A,AIRPORT,6L5,01/18/2007,AGL,BIS,ND,NORTH DAKOTA,MC INTOSH,ND,WISHEK,WISHEK MUNI,PU,PU,"WISHEK, ND 58495",2035,TWIN CITIES,01,SE, , ,1,N,N,N, , ,N,003, , , , , , , ,000100,000400,000400, ,46.2463625,-99.53788999999999,38,ND,0,10
96,17328.1*A,AIRPORT,6NA2,01/18/2007,AGL,BIS,ND,NORTH DAKOTA,CASS,ND,FARGO,SOUTH HECTOR AIRSTRIP,PR,PR,"FARGO, ND 58104",910,TWIN CITIES,05,S,07/1985, , , , , , , ,N,001, , , , , , , , , , , ,46.7924641667,-96.8036938889,38,ND,0,10
109,17340.*A,AIRPORT,D57,01/18/2007,AGL,BIS,ND,NORTH DAKOTA,MORTON,ND,GLEN ULLIN,GLEN ULLIN RGNL,PU,PU,"GLEN ULLIN, ND 58631-0070",2089,BILLINGS,02,W, , ,N1,N,N,N,N, ,N,006, , , , , ,001, ,000010,000100,000010, ,46.8127830556,-101.8601555556,38,ND,0,10
18,17253.5*A,AIRPORT,ND78,01/18/2007,AGL,BIS,ND,NORTH DAKOTA,CASS,ND,AYR,WILCOX FARM,PR,PR,"AYR, ND 58007-9741",1210,TWIN CITIES,02,W, , , , , , , , ,N,001, , , , , , , , , , , ,47.0399783333,-97.5370363889,38,ND,0,10
186,17400.1*A,AIRPORT,ND38,01/18/2007,AGL,BIS,ND,NORTH DAKOTA,BENSON,ND,MADDOCK,RICES AIRPARK,PR,PR,"MADDOCK, ND 58348",1575,TWIN CITIES,01,SW, , , , , , , , ,N,002, , , , , , , , , , , ,47.9583416667,-99.5365213889,38,ND,0,10
239,17451.98*A,AIRPORT,NA01,01/18/2007,AGL,BIS,ND,NORTH DAKOTA,TRAILL,ND,REYNOLDS,JENSON,PR,PR,"REYNOLDS, ND 58275",867,TWIN CITIES,04,E, , , , , , , , ,N,001, , , , , , , , , , , ,47.6683102778,-97.0053608333,38,ND,0,10
126,17354.9*A,AIRPORT,10ND,01/18/2007,AGL,BIS,ND,NORTH DAKOTA,DUNN,ND,HALLIDAY,SMITH STRIP,PR,PR,"HALLIDAY, ND 58636",2200,BILLINGS,11,S, , , , , , , , ,N,001, , , , , , , , , , , ,47.187509999999996,-102.3615680556,38,ND,0,10
244,17452.6*A,AIRPORT,37N,01/18/2007,AGL,BIS,ND,NORTH DAKOTA,MC LEAN,ND,RIVERDALE,GARRISON DAM RECREATIONAL AIRPARK,PU,PU,"OMAHA, NE 68102",1723,BILLINGS,01,SW,11/1984, , , , , , , ,N, , , , , , , , , , ,000100, ,47.4830547222,-101.4087716667,38,ND,0,10
254,17458.41*A,AIRPORT,ND42,01/18/2007,AGL,BIS,ND,NORTH DAKOTA,WARD,ND,SAWYER,WARREN PIETSCH,PR,PR,"MINOT, ND 58703",1550,BILLINGS,01,NW,10/1982, , , , , , , ,N,016, , , ,001, , , ,000020,001200,000200, ,48.1030555556,-101.0784722222,38,ND,0,10
190,17403.6*A,AIRPORT,8ND4,01/18/2007,AGL,BIS,ND,NORTH DAKOTA,GRAND FORKS,ND,MANVEL,HEYDE,PR,PR,"MANVEL, ND 58256",820,TWIN CITIES,01,W,03/1993, , , , , , , ,N,003,001, , , , , , , , , , ,48.073595,-97.1861875,38,ND,0,10
33,17265.06*H,HELIPORT,ND46,01/18/2007,AGL,BIS,ND,NORTH DAKOTA,BURLEIGH,ND,BISMARCK,ST ALEXIUS MED-I-PORT,PR,PR,"BISMARCK, ND 58501",1697,TWIN CITIES,00,N,03/1993, , , , , , , ,N, , , , , , , , , , , , ,46.8074933333,-100.7767944444,38,ND,0,10
9,17245.7*A,AIRPORT,ND75,01/18/2007,AGL,BIS,ND,NORTH DAKOTA,SHERIDAN,ND,ANAMOOSE,PETE'S TRACTOR SALVAGE,PR,PR,"ANAMOOSE, ND 58710",1655,TWIN CITIES,10,S, , , , , , , , ,N,001, , , , , , , , , , , ,47.7199977778,-100.26902,38,ND,0,10
137,17356.73*A,AIRPORT,ND85,01/18/2007,AGL,BIS,ND,NORTH DAKOTA,EMMONS,ND,HAZELTON,HUMANN PRIVATE AIRSTRIP,PR,PR,"HAZELTON, ND 58544",1980,TWIN CITIES,05,E,05/1998, , , , , , , ,N,001, , , , , , , , , , , ,46.4930555556,-100.1788888889,38,ND,0,10
82,17317.7*A,AIRPORT,03ND,01/18/2007,AGL,BIS,ND,NORTH DAKOTA,PEMBINA,ND,EDINBURG,OLAFSON BROTHERS,PR,PR,"EDINBURG, ND 58227",1045,TWIN CITIES,09,NE, , , , , , , , ,N, , , , , , , , , , , , ,48.6263827778,-97.8289833333,38,ND,0,10
135,17356.71*A,AIRPORT,0ND7,01/18/2007,AGL,BIS,ND,NORTH DAKOTA,EMMONS,ND,HAZELTON,SAVILLE PVT,PR,PR,"HAZELTON, ND 58544",1961,TWIN CITIES,08,E, , , , , , , , ,N,001, , , , , , , , , , , ,46.465264999999995,-100.10455416670001,38,ND,0,10
251,17457.6*A,AIRPORT,4S5,01/18/2007,AGL,BIS,ND,NORTH DAKOTA,PEMBINA,ND,ST THOMAS,ST THOMAS MUNI,PU,PU,"ST THOMAS, ND 58276",837,TWIN CITIES,01,N, , , ,N,N,N,N, ,N,007, , , , , , , ,000010,001200,000300, ,48.62637805560001,-97.4392477778,38,ND,0,10
105,17337.2*A,AIRPORT,D05,01/18/2007,AGL,BIS,ND,NORTH DAKOTA,MC LEAN,ND,GARRISON,GARRISON MUNI,PU,PU,"GARRISON, ND 58540",1935,BILLINGS,01,W, , ,N,N,N,N,N, ,N,009, , , , , , , ,000100,001000,001600,000020,47.6559444444,-101.4372222222,38,ND,0,10
212,17426.51*A,AIRPORT,1NA0,01/18/2007,AGL,BIS,ND,NORTH DAKOTA,PEMBINA,ND,MOUNTAIN,BOHN AIRSTRIP,PR,PR,"CAVALIER, ND 58220",1142,TWIN CITIES,03,NW,04/1983, , , , , , , ,N, , , , , , , , , , , , ,48.7322161111,-97.8895425,38,ND,0,10
140,17357.43*A,AIRPORT,6NA5,01/18/2007,AGL,BIS,ND,NORTH DAKOTA,MORTON,ND,HEBRON,CHASE AIRSTRIP,PR,PR, ,2140,BILLINGS,02,ESE,12/1985, , , , , , , ,N,003, , , , , , , , , , , ,46.9127847222,-102.0090511111,38,ND,0,10
167,17386.12*A,AIRPORT,61ND,01/18/2007,AGL,BIS,ND,NORTH DAKOTA,GRAND FORKS,ND,LARIMORE,BAKKE,PR,PR,"LARIMORE, ND 58251",1125,TWIN CITIES,03,NW, , , , , , , , ,N,002, , , , , , , , , , , ,47.947490833299995,-97.6620319444,38,ND,0,10
176,17394.11*A,AIRPORT,63ND,01/18/2007,AGL,BIS,ND,NORTH DAKOTA,RANSOM,ND,LISBON,MOELLENKAMP,PR,PR,"LISBON, ND 58054",1240,TWIN CITIES,07,SW, , , , , , , , ,N,001, , , , , , , , , , , ,46.3652438889,-97.7281544444,38,ND,0,10
247,17454.*A,AIRPORT,06D,01/18/2007,AGL,BIS,ND,NORTH DAKOTA,ROLETTE,ND,ROLLA,ROLLA MUNI,PU,PU,"ROLLA, ND 58367",1822,TWIN CITIES,02,N, , ,N1,N,N,N,N, ,N,010, , , , , , , ,000200,001000,001200, ,48.8843411111,-99.62087694440001,38,ND,0,10
104,17335.73*H,HELIPORT,40ND,01/18/2007,AGL,BIS,ND,NORTH DAKOTA,RICHLAND,ND,GALCHUTT,GORDER FARM,PR,PR,"WAHPETON, ND 58075",951,TWIN CITIES,01,W, , , , , , , , ,N, , , ,001, , , , , , , , ,46.3846825,-96.82258,38,ND,0,10
31,17265.04*H,HELIPORT,ND11,01/18/2007,AGL,BIS,ND,NORTH DAKOTA,BURLEIGH,ND,BISMARCK,R J BOHN ARMORY,PU,PR,"BISMARCK, ND 58502-5511",1768,TWIN CITIES,03,E,11/1988, , , , , , , ,N, , , , , , , , , , , , ,46.8311041667,-100.7204038889,38,ND,0,10
165,17384.5*A,AIRPORT,7NA2,01/18/2007,AGL,BIS,ND,NORTH DAKOTA,BOTTINEAU,ND,LANSFORD,UNDLIN AIRSTRIP,PR,PR,"LANSFORD, ND 58570",1575,BILLINGS,04,NE,03/1986, , , , , , , ,N,001, , , , , , , , , , , ,48.6877986111,-101.35043777780001,38,ND,0,10
10,17245.8*A,AIRPORT,ND02,01/18/2007,AGL,BIS,ND,NORTH DAKOTA,NELSON,ND,ANETA,RICKETYBACK FIELD,PR,PR,"ANETA, ND 58212",1510,TWIN CITIES,08,NE, , , , , , , , ,N,004, , , , , , , , , , , ,47.8111038889,-97.96009527780001,38,ND,0,10
123,17353.13*A,AIRPORT,ND86,01/18/2007,AGL,BIS,ND,NORTH DAKOTA,WILLIAMS,ND,GRENDRA,PETERSON,PR,PR,"GRENDRA, ND 58845",2190,BILLINGS,04,SW,05/1995, , , , , , , ,N,001, , , , , , , , , , , ,48.5638888889,-103.96305555560001,38,ND,0,10
205,17417.4*H,HELIPORT,2ND4,01/18/2007,AGL,BIS,ND,NORTH DAKOTA,WARD,ND,MINOT,TRINITY MEDICAL CENTER,PR,PR,"MINOT, ND 58701",1692,BILLINGS,00,N, , , , , , , , ,N, , , , , , , , , , , , ,48.2319538889,-101.29210666670001,38,ND,0,10
110,17340.01*A,AIRPORT,06ND,01/18/2007,AGL,BIS,ND,NORTH DAKOTA,MORTON,ND,GLEN ULLIN,FITTERER'S STRIP,PR,PR,"GLEN ULLIN, ND 58631",2180,BILLINGS,09,SE, , , , , , , , ,N, , , , , , , , , , , , ,46.7488919444,-101.6693152778,38,ND,0,10
67,17292.01*A,AIRPORT,80ND,01/18/2007,AGL,BIS,ND,NORTH DAKOTA,DIVIDE,ND,CROSBY,TROY FIELD,PR,PR,"CROSBY, ND 58730",2080,BILLINGS,04,SW, , , , , , , , ,N,001, , , , , ,001, , , , , ,48.8786438889,-103.37046666670001,38,ND,0,10
302,17495.2*A,AIRPORT,4NA1,01/18/2007,AGL,BIS,ND,NORTH DAKOTA,WILLIAMS,ND,WILLISTON,RING ROCK RANCH,PR,PR,"WILLISTON, ND 58801",2256,BILLINGS,06,NW,03/1985, , , , , , , ,N,001, , , , , , , , , , , ,48.2547455556,-103.6726972222,38,ND,0,10
193,17405.45*A,AIRPORT,5NA0,01/18/2007,AGL,BIS,ND,NORTH DAKOTA,MC LEAN,ND,MAX,SEMCHENKO,PR,PR,"MAX, ND 58759",2065,BILLINGS,03,SE,07/1985, , , , , , , ,N,001, , , , , , , , , , , ,47.7736125,-101.2790466667,38,ND,0,10
23,17255.012*A,AIRPORT,0NA1,01/18/2007,AGL,BIS,ND,NORTH DAKOTA,RICHLAND,ND,BARNEY,GOERGER,PR,PR,"BARNEY, ND 58008",1045,TWIN CITIES,02,SW,12/1982, , , , , , , ,N,001, , , , , , , , , , , ,46.245515,-97.0375855556,38,ND,0,10
307,17504.02*A,AIRPORT,NA20,01/18/2007,AGL,BIS,ND,NORTH DAKOTA,RICHLAND,ND,WYNDMERE,HUDSON'S STRIP,PR,PR,"DELAMERE, ND 58022",1080,TWIN CITIES,05,W, , , , , , , , ,N,001, , , , , , , , , , , ,46.248016388900005,-97.2573122222,38,ND,0,10
51,17284.1*A,AIRPORT,5N8,01/18/2007,AGL,BIS,ND,NORTH DAKOTA,CASS,ND,CASSELTON,CASSELTON ROBERT MILLER RGNL,PU,PU,"CASSELTON, ND 58012",933,TWIN CITIES,04,S,04/1986, ,NGY, , , , , ,N,047,003, , , , ,001, ,000400,010000,005000,000050,46.8540291667,-97.2086597222,38,ND,0,10
161,17381.*A,AIRPORT,5L0,01/18/2007,AGL,BIS,ND,NORTH DAKOTA,NELSON,ND,LAKOTA,LAKOTA MUNI,PU,PU,"LAKOTA, ND 58344",1512,TWIN CITIES,01,SE, , ,N,N,N,N,N, ,N,006, , , , , , , ,000010,000100,000060, ,48.0294027778,-98.32529166670001,38,ND,0,10
199,17407.8*A,AIRPORT,2ND1,01/18/2007,AGL,BIS,ND,NORTH DAKOTA,MC LEAN,ND,MERCER,WESTERLIND,PR,PR,"MERCER, ND 58559",1910,TWIN CITIES,01,NE, , , , , , , , ,N,004, , , , , , , , , , , ,47.4924980556,-100.6998566667,38,ND,0,10
309,17504.04*A,AIRPORT,ND49,01/18/2007,AGL,BIS,ND,NORTH DAKOTA,RICHLAND,ND,WYNDMERE,KRAUSE PRIVATE,PR,PR,"WYNDMERE, ND 58081",1060,TWIN CITIES,03,S,07/1989, , , , , , , ,N,001, , , , , , , , , , , ,46.2235711111,-97.1303652778,38,ND,0,10
68,17294.1*A,AIRPORT,ND92,01/18/2007,AGL,BIS,ND,NORTH DAKOTA,CASS,ND,DAVENPORT,SCHROEDER,PR,PR,"DAVENPORT, ND 58021",920,TWIN CITIES,02,W, , , , , , , , ,N,008, , , , , , , , , , , ,46.708303055600005,-97.1170341667,38,ND,0,10
266,17465.52*A,AIRPORT,1NA5,01/18/2007,AGL,BIS,ND,NORTH DAKOTA,LOGAN,ND,STREETER,GIENGER/BOX BAR RANCH,PR,PR,"ARVADA, CO 80005",1950,TWIN CITIES,05,SW,08/1983, , , , , , , ,N,001, , , , , , , , , , , ,46.6249786111,-99.4503872222,38,ND,0,10
229,17441.6*A,AIRPORT,Y37,01/18/2007,AGL,BIS,ND,NORTH DAKOTA,WALSH,ND,PARK RIVER,PARK RIVER - W C SKJERVEN FIELD,PU,PU,"PARK RIVER, ND 58270",1103,TWIN CITIES,01,W, , ,NGY,N,N,N,Y, ,N,007,001, , , , , , ,000200,003000,001000,000030,48.3939666667,-97.7807725,38,ND,0,10
178,17397.95*A,AIRPORT,NA86,01/18/2007,AGL,BIS,ND,NORTH DAKOTA,STEELE,ND,LUVERNE,JOHNSON PVT AIRSTRIP,PR,PR,"LUVERNE, ND 58056",1492,TWIN CITIES,04,NE,08/1982, , , , , , , ,N,001, , , , , , , , , , , ,47.3333230556,-97.90093083330001,38,ND,0,10
65,17288.*A,AIRPORT,S32,01/18/2007,AGL,BIS,ND,NORTH DAKOTA,GRIGGS,ND,COOPERSTOWN,COOPERSTOWN MUNI,PU,PU,"COOPERSTOWN, ND 58421",1424,TWIN CITIES,02,SE, , ,NGY, , ,N,Y, ,N,011,001, , , , , , ,000300,001200,000600, ,47.4227736111,-98.10587138890001,38,ND,0,10
245,17453.12*A,AIRPORT,ND54,01/18/2007,AGL,BIS,ND,NORTH DAKOTA,KIDDER,ND,ROBINSON,WHITMAN FIELD,PR,PR,"ROBINSON, ND 58478",1783,TWIN CITIES,03,SE, , , , , ,N, , ,N,003, , , , , , , , ,000200,000100, ,47.129156944399995,-99.73038722220001,38,ND,0,10
248,17457.*A,AIRPORT,RUG,01/18/2007,AGL,BIS,ND,NORTH DAKOTA,PIERCE,ND,RUGBY,RUGBY MUNI,PU,PU,"RUGBY, ND 58368",1548,TWIN CITIES,02,NW, , ,NGY, , ,N,N, ,N,011,002, , , , ,001, ,000300,001800,000700, ,48.3903591667,-100.0242738889,38,ND,0,10
131,17355.*H,HELIPORT,ND27,01/18/2007,AGL,BIS,ND,NORTH DAKOTA,WELLS,ND,HARVEY,ST ALOISIUS MEDICAL CENTER,PR,PR,"HARVEY, ND 58341",1595,TWIN CITIES,00,S,10/2002, , , , , , , ,N, , , , , , , , , , , , ,47.766944444399996,-99.9313888889,38,ND,0,10
207,17418.*A,AIRPORT,MOT,01/18/2007,AGL,BIS,ND,NORTH DAKOTA,WARD,ND,MINOT,MINOT INTL,PU,PU,"MINOT, ND 58703",1716,BILLINGS,02,N, ,I B S 05/1973,NGY3,Y,N,N,Y, ,Y,063,005,002,001, , , ,001573,006182,015716,011220,005113,48.2593777778,-101.2803338889,38,ND,76467,10
192,17404.5*A,AIRPORT,67ND,01/18/2007,AGL,BIS,ND,NORTH DAKOTA,LA MOURE,ND,MARION,WALDIE FARMS,PR,PR,"MARION, ND 58466-9735",1456,TWIN CITIES,06,SW, , , , , , , , ,N,001, , , , , , , , , , , ,46.5433091667,-98.38231694439999,38,ND,0,10
150,17366.1*A,AIRPORT,ND24,01/18/2007,AGL,BIS,ND,NORTH DAKOTA,GRAND FORKS,ND,INKSTER,INKSTER,PU,PR,"INKSTER, ND 58244",1092,TWIN CITIES,01,SW, , , ,N,N, , , ,N, , , , , , , , , , ,000100, ,48.1402694444,-97.6725863889,38,ND,0,10
36,17270.1*A,AIRPORT,5B4,01/18/2007,AGL,BIS,ND,NORTH DAKOTA,BURKE,ND,BOWBELLS,BOWBELLS MUNI,PU,PU,"BOWBELLS, ND 58721",1955,BILLINGS,01,N, , , , , ,N,N, ,N,003, , , , , , , ,000006,000300,000100, ,48.809749444400005,-102.245445,38,ND,0,10
125,17354.8*A,AIRPORT,0ND6,01/18/2007,AGL,BIS,ND,NORTH DAKOTA,EMMONS,ND,HAGUE,SCHUMACHER STRIP,PR,PR,"HAGUE, ND 58542",2020,TWIN CITIES,03,NE, , , , , , , , ,N,002, , , , , , , , , , , ,46.054985555600005,-99.91705833329999,38,ND,0,10
296,17491.55*A,AIRPORT,NA54,01/18/2007,AGL,BIS,ND,NORTH DAKOTA,EMMONS,ND,WESTFIELD,MOSER AIRSTRIP,PR,PR,"POLLOCK, SD 57648",1750,TWIN CITIES,10,SW,04/1982, , , , , , , ,N,001, , , , , , , , , , , ,45.9549952778,-100.4420716667,38,ND,0,10
118,17349.5*A,AIRPORT,NA60,01/18/2007,AGL,BIS,ND,NORTH DAKOTA,CASS,ND,GRANDIN,DAKOTA,PR,PR,"GRANDIN, ND 58038",903,TWIN CITIES,02,W,07/1982, , , , , , , ,N,001, , , , , , , , , , , ,47.234978333300006,-97.0384180556,38,ND,0,10
108,17339.5*A,AIRPORT,ND18,01/18/2007,AGL,BIS,ND,NORTH DAKOTA,RENVILLE,ND,GLENBURN,JUDY STRIP,PR,PR,"GLENBURN, ND 58740",1570,BILLINGS,00,S, , , , , , , , ,N,002, , , , , ,001, , ,000100,000050, ,48.5064075,-101.2168247222,38,ND,0,10
179,17398.1*A,AIRPORT,1ND7,01/18/2007,AGL,BIS,ND,NORTH DAKOTA,CASS,ND,LYNCHBURG,DITTMER,PR,PR,"WHEATLAND, ND 58079-9801",943,TWIN CITIES,03,N, , , , , , , , ,N,004, , , , , , , , , , , ,46.8291405556,-97.26703472220001,38,ND,0,10
62,17285.994*A,AIRPORT,ND90,01/18/2007,AGL,BIS,ND,NORTH DAKOTA,SARGENT,ND,COGSWELL/BRAMPTON/,DAHL PVT,PR,PR,"COGSWELL, ND 58017",1285,TWIN CITIES,03,SE, , , , , , , , ,N,003, , , , , , , , , , , ,45.9666308333,-97.7337122222,38,ND,0,10
236,17451.32*A,AIRPORT,5NA2,01/18/2007,AGL,BIS,ND,NORTH DAKOTA,TRAILL,ND,PORTLAND,HAUGEN FARM AIRSTRIP,PR,PR,"FARGO, ND 58102",1002,TWIN CITIES,03,N,07/1985, , , , , , , ,N,001, , , , , , , , , , , ,47.5377630556,-97.3637013889,38,ND,0,10
77,17308.81*A,AIRPORT,9ND1,01/18/2007,AGL,BIS,ND,NORTH DAKOTA,PEMBINA,ND,DRAYTON,ELLIOTT FARMS,PR,PR,"DRAYTON, ND 58225",808,TWIN CITIES,04,W, , , , , , , , ,N,002, , , , , , , , , , , ,48.6480419444,-97.26840722220001,38,ND,0,10
274,17468.75*A,AIRPORT,19ND,01/18/2007,AGL,BIS,ND,NORTH DAKOTA,NELSON,ND,TOLNA,BRECKHEIMER,PR,PR,"TOLNA, ND 58380",1458,TWIN CITIES,07,SW, , , , , , , , ,N,002, , , , , , , , , , , ,47.7333308333,-98.48871194440001,38,ND,0,10
