OBJECTID,ABBREV,PERIOD,EPOCH,FORMATION,GROUP_,TOT_THICK_M,COLOR,LITH1,LITH2,LITH3,LITH4,GENESIS1,GENESIS2,GENESIS3,GENESIS4,SHAPE.AREA,SHAPE.LEN
10,Tb,Tertiary,Paleocene,Bullion Creek Formation, ,200,yellowish brown,"silt, sand, clay, sandstone, and lignite", , , ,"river, lake, swamp", , , ,2.4717725178547303,62.9061308481933
148,Kf,Cretaceous,Upper Cretaceous,Fox Hills Formation, ,120,olive brown,"sand, shale, and sandstone", , , ,marine shoreline and offshore, , , ,0.00248962714860314,0.348441466564899
7,Kn,Cretaceous,Upper Cretaceous,Niobrara Formation, ,75,light brown to dark gray,calcareous shale, , , ,marine offshore, , , ,0.00352012738918288,0.54518459388958
200,Tg,Tertiary,Eocene or Paleocene,Golden Valley Formation, ,80,Yellowish Brown;white / yellow,"micaceous sandstone, sand, silt, clay","clay, silt, sand", , ,fluvial,Weathering zone developed on Ts, , ,0.00067207363838244,0.10941871706254601
77,Ts,Tertiary,Paloecene,Sentinel Butte Formation, ,200,grayish-brown,"silt, sand, clay, sandstone, and lignite", , , ,"river, lake, swamp", , , ,0.00117804893348051,0.21143847834499702
145,Kn,Cretaceous,Upper cretaceous,Niobrara Formation, ,75,light brown to dark gray,calcareous shale, , , ,marine offshore, , , ,0.00450195029861549,0.398186965724569
72,Ts,Tertiary,Paleocene,Sentinel Butte Formation, ,200,grayish-brown,"silt, sand, clay, sandstone, and lignite", , , ,"river, lake, swamp", , , ,0.006143068179173121,0.625750775824551
74,Kbs,Cretaceous,Lower to Upper Cretaceous,"Belle Fourche,Mowry,Newcastle, Skull Crk", ,245,"light,medium to dark gray",silty to sandy shale,shale,fine-medium grained sandstone,shale,marine offshore,marine offshore,marine shoreline and offshore,marine offshore,0.021752222760052398,1.16755406379102
9,Tc,Tertiary,Paleocene,Cannonball Formation, ,120,olive brown,"sand, shale, sandstone", , , ,marine shoreline and offshore, , , ,0.0172518660075785,1.1238860443083198
171,Tg,Tertiary,Eocene and Paleocene,Golden Valley Formation, ,80,Yellowish Brown;white / yellow,"micaceous sandstone, sand, silt, clay","clay, silt, sand", , ,fluvial,Weathering zone developed on Ts, , ,0.013411331606760502,0.573308675818208
87,Tb,Tertiary,Paleocene,Bullion Creek Formation, ,200,yellowish brown,"silt, sand, clay, sandstone, and lignite", , , ,"river, lake, swamp", , , ,0.000787210077287328,0.124539957600317
237,Tg,Tertiary,Eocene or Paleocene,Golden Valley Formation, ,80,Yellowish Brown;white / yellow,"micaceous sandstone, sand, silt, clay","clay, silt, sand", , ,fluvial,Weathering zone developed on Ts, , ,0.000670948682066688,0.117999993516825
221,Tg,Tertiary,Eocene or Paleocene,Golden Valley Formation, ,80,Yellowish Brown;white / yellow,"micaceous sandstone, sand, silt, clay","clay,silt, sand", , ,fluvial,Weathering zone developed on Ts, , ,0.00027500465068908803,0.0698937638914835
117,Kf,Cretaceous,Upper Cretaceous,Fox Hills Formation, ,120,olive brown,"sand, shale, sandstone", , , ,"marine shoreline, offshore", , , ,0.0008521608203212801,0.11867391301087601
65,Kf,Cretaceous,Upper Cretaceous,Fox Hills Formation, ,120,olive brown,"sand, shale, and sandstone", , , ,marine shoreline and offshore, , , ,0.007914172992356621,0.333106624046131
181,Tg,Tertiary,Eocene or Paleocene,Golden Valley Formation, ,80,Yellowish Brown;white / yellow,"micaceous sandstone, sand, silt, clay","clay, silt, sand", , ,fluvial,Weathering zone developed on Ts, , ,0.000643411207721984,0.116247703663598
246,Tg,Tertiary,Eocene or Paleocene,Golden Valley Formation, ,80,Yellowish Brown;white / yellow,"micaceous sandstone, sand, silt, clay","clay, silt, sand", , ,fluvial,Weathering zone developed on Ts, , ,0.000126178530803248,0.0418697021703684
220,Tg,Tertiary,Eocene or Paleocene,Golden Valley Formation, ,80,Yellowish Brown;white / yellow,"micaceous sandstone, sand, silt, clay","clay, silt, sand", , ,fluvial,Weathering zone developed on Ts, , ,0.00014018634540556801,0.051846650894091004
4,Kp,Pierre Formation,Upper Cretaceous,Pierre Formation, ,700,dark-gray,shale, , , ,marine offshore sediment, , , ,5.0953766504711195,30.177814008851
205,Tg,Tertiary,Eocene or Paleocene,Golden Valley Formation, ,80,Yellowish Brown;white / yellow,"micaceous sandstone, sand, silt, clay","clay, silt, sand", , ,fluvial,Weathering zone developed on Ts, , ,0.00021965144323065602,0.060855742326075
172,Tg,Tertiary,Eocene and Paleocene,Golden Valley Formation, ,80,Yellowish Brown;white / yellow,"micaceous sandstone, sand, silt, and cla","clay, silt, and sand", , ,fluvial,Weathering zone developed on Ts, , ,0.000181955102923168,0.0658122841163425
184,Tg,Tertiary,Eocene or Paleocene,Golden Valley Formation, ,80,Yellowish Brown;white / yellow,"micaceous sandstone, sand, silt, clay","clay, silt, sand", , ,fluvial,Weathering zone developed on Ts, , ,0.000870769069610944,0.16706474402746502
71,Ts,Tertiary,Paleocene,Sentinel Butte Formation, ,200,grayish brown,"silt, sand, clay, sandstone, and lignite", , , ,"river, lake, swamp", , , ,0.000422655676262256,0.0929187961470041
162,Tw,Tertiary,Oligocene,Brule and Chadron Formation,White River,80,pinkish; light colored,"siltstone, clay, and sand",sand with quartzite and porphyry pebbles,overlain by dark clay, ,river and lake,river and lake, , ,5.814762371392001e-5,0.030876902876579904
86,Kh,Cretaceous,Upper Cretaceous,Hell Creek Formation, ,150,gray,"sand, silt, clay, and sandstone", , , ,river, , , ,0.036710729129663104,0.917061574264823
23,Kh,Cretaceous,Upper Cretaceous,Hell Creek Formation, ,150,gray,"sand, silt, clay, and sandstone", , , ,river, , , ,0.00630180101232378,0.37975627137176
157,Tw,Tertiary,Oligocene,Brule and Chadron Formations,White River,80,pinkish; light colored,"siltstone, clay, and sand",sand with quartzite and porphyry pebbles,overlain by dark clay, ,river and lake,river and lake, , ,2.4345608627400002e-5,0.0197189410840895
56,Kbs,Cretaceous,Lower to Upper Cretaceous,"Belle Fourche,Mowry,Newcastle,Skull Crk.", ,245,"light,medium to dk gray",silty to sandy shale,shale,fine to medium grained sandstone,shale,marine offshore,marine offshore,marine shoreline and offshore,marine offshore,0.0127857571591054,0.932955694018594
188,Tg,Tertiary,Eocene or Paleocene,Golden Valley Formation, ,80,Yellowish Brown;white / yellow,"micaceous sandstone, sand, silt, clay","clay, silt, sand", , ,fluvial,Weathering zone developed on Ts, , ,7.8436664938776e-5,0.0399051808961732
136,Tc,Tertiary,Paleocene,Cannonball Formation, ,150,olive brown,"sand, shale, sandstone", , , ,marine shoreline and offshore, , , ,0.0208265130564029,1.84621538282965
109,Tb,Tertiary,Paleocene,Bullion Creek Formation, ,200,yellowish brown,"silt, sand, clay, sandstone, and lignite", , , ,"river, lake, swamp", , , ,0.000115630195721792,0.0468656317570619
129,Kf,Cretaceous,Upper Cretaceous,Fox Hills Formation, ,120,olive brown,"sand, shale, and sandstone", , , ,marine shoreline and offshore, , , ,0.0015342257035169,0.204326480236794
24,Kf,Cretaceous,Upper Cretaceous,Fox Hills Formation, ,120,olive brown,"sand, shale, sandstone", , , ,marine shoreline and offshore, , , ,0.00614696156621325,0.36796852189059104
156,Tw,Tertiary,Oligocene,Brule and Chadron Formation,White River,80,pinkish; light colored,"siltstone, clay, sand",sand with quartzite and porphyry pebbles,overlain by dark clay, ,river and lake,river and lake, , ,0.0006651482831701761,0.117788250650794
173,Tg,Tertiary,Eocene and Paleocene,Golden Valley Formation, ,80,Yellowish Brown;white / yellow,"micaceous sandstone, sand, silt, and cla","clay, silt, and sand", , ,fluvial,Weathering zone developed on Ts, , ,0.000206848789174367,0.0667677380789677
183,Tg,Tertiary,Eocene or Paleocene,Golden Valley Formation, ,80,Yellowish Brown;white / yellow,"micaceous sandstone, sand, silt, clay","clay, silt, sand", , ,fluvial,Weathering zone developed on Ts, , ,0.0006644981720315841,0.14711860564904
17,Kg,Cretaceous,Upper Cretaceous,Greenhorn Formation, ,45,dark gray,calcareous shale, , , ,marine offshore, , , ,0.416413415622749,9.57487145348944
31,Tb,Tertiary,Paleocene,Bullion Creek Formation, ,200,yellowish brown,"silt, sand, clay, sandstone, and lignite", , , ,"river, lake, swamp", , , ,0.014760203969215301,0.5957809421482181
85,Tb,Tertiary,Paleocene,Bullion Creek Formation, ,200,yellowish brown,"silt, sand, clay, sandstone, lignite", , , ,"river, lake, swamp", , , ,0.00041483206110096003,0.12050347004436
1,Jp,Jurassic, ,Piper Fm. Equivalent, ,190,"white to buff, brown, or gray","limestone, gypsum, anhydrite", , , ,offshore marine, , , ,0.0122755263996818,0.84653756565089
134,Tb,Tertiary,Paleocene,Bullion Creek Formation, ,200,yellowish brown,"silt, sand, clay, sandstone, and lignite", , , ,"river, lake, swamp", , , ,0.00315393010218829,0.289714159560774
230,Tg,Tertiary,Eocene or Paleocene,Golden Valley Formation, ,80,Yellowish Brown;white / yellow,"micaceous sandstone, sand, silt, clay","clay, silt, sand", , ,fluvial,Weathering zone developed on Ts, , ,0.000222834307859008,0.0554492610352055
2,Kh,Cretaceous,Upper Cretaceous,Hell Creek Formation, ,150,gray,"sand, silt, clay, and sandstone", , , ,river, , , ,0.0421413349324035,2.26772230072999
154,Tw,Tertiary,Oligocene,Brule and Chadron Formation,White River,80,pinkish; light colored,"siltstone, clay and sand",sand with quartzite and prophyry pebbles,overlain by dark clay, ,river and lake,river and lake, , ,0.0006554043164712961,0.0949304506386555
227,Tg,Tertiary,Eocene or Paleocene,Golden Valley Formation, ,80,Yellowish Brown;white / yellow,"micaceous sandstone, sand, silt, clay","clay,silt, sand", , ,fluvial,Weathering zone developed on Ts, , ,7.3084980189952e-5,0.0337137487104963
25,Ts,Tertiary,Paleocene,Sentinel Butte Formation, ,200,grayish-brown,"silt, sand, clay, sanstone, and lignite", , , ,"river, lake, and swamp", , , ,0.252745320115061,2.74671582695141
210,Tg,Tertiary,Eocene or Paleocene,Golden Valley Formation, ,80,Yellowish Brown;white / yellow,"micaceous sandstone, sand, silt, clay","clay, silt, sand", , ,fluvial,Weathering zone developed on Ts, , ,0.000534392419822464,0.115609145093455
215,Tg,Tertiary,Eocene or Paleocene,Golden Valley Formation, ,80,Yellowish Brown;white / yellow,"micaceous sandstone,sand, silt, clay","clay, silt, sand", , ,fluvial,Weathering zone developed on Ts, , ,0.000148408269363856,0.057324941151294995
146,Tc,Tertiary,Paleocene,Cannonball Formation, ,150,olive brown,"sand, shale, sandstone", , , ,marine shoreline and offshore, , , ,0.00265519391560224,0.413164213164589
213,Tg,Tertiary,Eocene or Paleocene,Golden Valley Formation, ,80,Yellowish Brown;white / yellow,"micaceous sandstone, sand, silt, clay","clay, silt, sand", , ,fluvial,Weathering zone developed on Ts, , ,0.000320469094265824,0.074535221641318
88,Tp,Tertiary,Paleocene,Slope Formation, ,100,"grayish-brown, yellowish-brown","silt, sand, clay, sandstone, and lignite", , , ,"river, lake, swamp", , , ,0.0181115781247119,0.817398555036087
67,Ts,Tertiary,Paleocene,Sentinel Butte Formation, ,200,grayish-brown,"silt, sand, clay, sandstone, and lignite", , , ,"river, lake, swamp", , , ,0.00022910334475776,0.0730847298504117
118,Tb,Tertiary,Paleocene,Bullion Creek Formation, ,200,yellowish brown,"silt, sand, clay, sandstone, and lignite", , , ,"river, lake, swamp", , , ,0.00040597393183417597,0.0861745571222039
158,Tw,Tertiary,Oligocene,Brule and Chadron Formation,White River,80,pinkish; light colored,"siltstone, clay, sand",sand with quartzite and prophyryr pebble,overlain by dark clay, ,river and lake,river and lake, , ,0.00929749437213517,0.757809998543982
58,Tb,Tertiary,Paleocene,Bullion Creek Formation, ,200,yellowish-brown,"silt, sand, clay, sandstone, and lignite", , , ,"river, lake, swamp", , , ,0.013033493291762,0.658554606202833
128,Ts,Tertiary,Paleocene,Sentinel Butte Formation, ,200,grayish-brown,"silt, sand, clay, sandstone, and lignite", , , ,"river, lake, swamp", , , ,0.000983610960243568,0.130764548094292
100,Kh,Cretaceous,Upper Cretaceous,Hell Creek Formation, ,150,gray,"sand, silt, clay, and sandstone", , , ,river, , , ,0.0718502508322222,2.38758412099524
105,Kh,Cretaceous,Upper Cretaceous,Hell Creek Formation, ,150,gray,"sand, silt, clay, and sandstone", , , ,river, , , ,0.00436574327196531,0.29603400777952704
252,pC,PreCambrian, , , ,0,various,Igneous,Metamorphic,See source document for details, , , , , ,0.0026546274503285103,0.246888246056849
57,Ts,Tertiary,Paleocene,Sentinel Butte Formation, ,200,grayish-brown,"silt, sand, clay, sandstone, and lignite", , , ,"river, lake, swamp", , , ,0.00052414166463152,0.14191358577401803
62,Ts,Tertiary,Paleocene,Sentinel Butte Formation, ,200,grayish-brown,"silt, sand, clay, sandstone, and lignite", , , ,"river, lake, swamp", , , ,0.000281291082356384,0.08019178236157061
89,Tl,Tertiary,Paleocene,Ludlow Formation, ,100,"grayish brown, yellowish-brown","silt, sand, clay, sandstone, and lignite", , , ,"river, lake and swamp", , , ,0.105709686244677,5.77044527928961
64,Ts,Tertiary,Paleocene,Sentinel Butte Formation, ,200,grayish-brown,"silt, sand, clay, sandstone, and lignite", , , ,"river, lake, swamp", , , ,0.00373371580866186,0.359109464453331
92,Tl,Tertiary,Paleocene,Ludlow Formation, ,100,"grayish brown, yellowish brown","silt, sand, clay, sandstone, lignite", , , ,"river, lake, swamp", , , ,0.00041935729046015997,0.10514310084468301
27,Ki,Cretaceous,Lower Cretaceous,Inyan Kara, ,135,"light gray, gray",fine to coarse sandstone and shale, , , ,"river, lake, nearshore marine", , , ,0.009657532398611071,0.5254404777026781
123,Kf,Cretaceous,Upper Cretaceous,Fox Hills Formation, ,120,olive brown,"sand, shale, and sandstone", , , ,marine shoreline and offshore, , , ,0.0016233154471048301,0.217409762791684
15,Tc,Tertiary,Paleocene,Cannonball Formation, ,120,olive brown,"sand, shale, and sandstone", , , ,marine shoreline and offshore, , , ,1.4277232895268799,30.903797930499497
133,Kf,Cretaceous,Upper Cretaceous,Fox Hills Formation, ,120,olive brown,"sand, shale, and sandstone", , , ,marine shoreline and offshore, , , ,0.0017693031979557402,0.169158459796482
197,Tg,Tertiary,Eocene or Paleocene,Golden Valley Formation, ,80,Yellowish Brown;white / yellow,"micaceous sandstone, sand, silt, clay","clay, silt, sand", , ,fluvial,Weathering zone developed on Ts, , ,0.0033898869630938203,0.318204064837578
101,Tc,Tertiary,Paleocene,Cannonball Formation, ,150,olive brown,"sand, shale, sandstone", , , ,marine shoreline and offshore, , , ,0.000362590994877344,0.0818903201207592
22,Or,Ordovician, ,Red River Formation, ,215,yellowish to brownish gray,limestone and dolomite, , , ,offshore marine, , , ,0.0424621274292418,1.91325769160891
40,Ts,Tertiary,Paleocene,Sentinel Butte Formation, ,200,grayish brown,"silt, sand, clay, sandstone, lignite", , , ,"river, lake, swamp", , , ,0.0250900587387141,0.870308186354217
48,Kf,Cretaceous,Upper Cretaceous,Fox Hills Formation, ,120,olive brown,"sand, shale, sandstone", , , ,marine shoreline and offshore, , , ,0.014887317099846501,0.572876125361771
41,Kf,Cretaceous,Upper Cretaceous,Fox Hills Formation, ,120,olive brown,"sand, shale, and sandstone", , , ,marine shoreline and offshore, , , ,0.0053435011171512805,0.35162677330618203
102,Ki,Cretaceous,Lower Cretaceous,Inyan Kara, ,135,light gray; gray,fine to coarse sandstone; shale, , , ,"river, lake, nearshore marine", , , ,0.0126595517664008,1.69804825055453
170,Tg,Tertiary,Eocene and Paleocene,Golden Valley Formation, ,80,Yellowish Brown;white / yellow,"micaceous sandstone, sand, silt, and cla","clay, silt, sand", , ,fluvial,Weathering zone developed on Ts, , ,0.00161625441580906,0.15408150210645202
34,Kp,Cretaceous,Upper Cretaceous,Pierre Formation, ,700,dark gray,shale, , , ,marine offshore, , , ,0.00207284314207213,0.390646846469065
209,Tg,Tertiary,Eocene or Paleocene,Golden Valley Formation, ,80,Yellowish Brown;white / yellow,"micaceous sandstone, sand, silt, clay","clay, silt, sand", , ,fluvial,Weathering zone developed on Ts, , ,0.000195340678839936,0.0569797143427323
195,Tg,Tertiary,Eocene or Paleocene,Golden Valley Formation, ,80,Yellowish Brown;white / yellow,"micaceous sandstone, sand, silt, clay","clay, silt, sand", , ,fluvial,Weathering zone developed on Ts, , ,0.000294444175985152,0.07598689845100211
153,Tb,Tertiary,Paleocene,Bullion Creek Formation, ,200,yellowish brown,"silt, sand, clay, sandstone, and lignite", , , ,"river, lake, swamp", , , ,0.00021900788198169602,0.09558110113203411
228,Tg,Tertiary,Eocene or Paleocene,Golden Valley Formation, ,80,Yellowish Brown;white / yellow,"micaceous sandstone, sand, silt, clay","clay, silt, sand", , ,fluvial,Weathering zone developed on Ts, , ,0.00018621659238566402,0.0576073353985431
217,Tg,Tertiary,Eocene or Paleocene,Golden Valley Formation, ,80,Yellowish Brown;white / yellow,"micaceous sandstone, sand, silt, clay","clay, silt, sand", , ,fluvial,Weathering zone developed on Ts, , ,0.000544947592239936,0.137313241623248
155,Tw,Tertiary,Oligocene,Brule and Chadron Formation,White River,80,pinkish; light,"siltstone, clay, and sand",sand with quartzite and prophyry pebbles,overlain by dark clay, ,river and lake,river and lake, , ,0.00264565758810534,0.395246160836759
245,Tg,Tertiary,Eocene or Paleocene,Golden Valley Formation, ,80,Yellowish Brown;white / yellow,"micaceous sandstone, sand, silt, clay","clay, silt, sand", , ,fluvial,Weathering zone developed on Ts, , ,0.000176552183181328,0.0561680954795873
16,Tc,Tertiary,Paleocene,Cannonball Formation, ,150,olive brown,"sand, shale, sandstone", , , ,marine shoreline and offshore, , , ,0.0056544853812151,0.341263892532161
80,Kh,Cretaceous,Upper Cretaceous,Hell Creek Formation, ,150,gray,"sand, silt, clay, sandstone", , , ,river, , , ,0.0017476111921345301,0.207716820689677
250,pC,PreCambrian,unnamed,unnamed, ,0,various,Igneous,Metamorphic,See source document for details, , , , , ,0.0150105857241585,0.799681108145345
239,Tg,Tertiary,Eocene or Paleocene,Golden Valley, ,80,Yellowish Brown;white / yellow,"micaceous sandstone, sand, silt, clay","clay, silt, sand", , ,fluvial,Weathering zone developed on Ts, , ,0.00123668501040346,0.29606004793804996
182,Tg,Tertiary,Eocene and Paleocene,Golden Valley Formation, ,80,Yellowish Brown;white / yellow,"micaceous sandstone, sand, silt, clay","clay, silt, sand", , ,fluvial,Weathering zone developed on Ts, , ,0.0147125156024508,0.9807661925371299
236,Tg,Tertiary,Eocene or Paleocene,Golden Valley, ,80,Yellowish Brown;white / yellow,"micaceous sandstone, sand, silt, clay","clay, silt, sand", , ,fluvial,Weathering zone developed on Ts, , ,0.00011403885703753601,0.0393745788447262
242,Tg,Tertiary,Eocene or Paleocene,Golden Valley Formation, ,80,Yellowish Brown;white / yellow,"micaceous sandstone, sand, silt, clay","clay, silt, sand", , ,fluvial,Weathering zone developed on Ts, , ,0.00260965991850797,0.42801304279066
249,pC,PreCambrian,unnamed,unnamed, ,0,various,Igneous,Metamorphic,See source document for details, , , , , ,0.018272180467972,0.7164233133158581
160,Tw,Tertiary,Oligocene,Brule and Chadron Formations,White River,80,pinkish; light colored,"siltstone, clay, and sand",sand with quartzite and porphyry pebbles,overlain by dark clay, ,river and lake,river and lake, , ,0.000521135512298496,0.0902270865985116
131,Kf,Cretaceous,Upper Cretaceous,Fox Hills Formation, ,120,olive brown,"sand, shale, and sandstone", , , ,marine shoreline and offshore, , , ,0.0030400890088089602,0.22102755568189802
122,Kf,Cretaceous,Upper Cretaceous,Fox Hills Formation, ,120,olive brown,"sand, shale, and sandstone", , , ,marine shoreline and offshore, , , ,0.006752596605179181,0.431804457823815
142,Tb,Tertiary,Paleocene,Bullion Creek Formation, ,200,yellowish brown,"silt, sand, clay, sandstone, and lignite", , , ,"river, lake, swamp", , , ,0.00173492888387323,0.19741682375577999
253,pC,PreCambrian, , , ,0,various,Igneous,Metamorphic,See source document for details, , , , , ,0.00723429278451066,0.540368130427304
211,Tg,Tertiary,Eocene or Paleocene,Golden Valley Formation, ,80,Yellowish Brown;white / yellow,"micaceous sandstone, sand, silt, clay","clay, silt, sand", , ,fluvial,Weathering zone developed on Ts, , ,0.00202000260729216,0.281495108709608
51,Ts,Tertiary,Paleocene,Sentinel Butte Formation, ,200,grayish-brown,"silt, sand, clay, sandstone, and lignite", , , ,"river, lake, swamp", , , ,0.0407733456297138,1.56522666582414
70,Ts,Tertiary,Paleocene,Sentinel Butte Formation, ,200,grayish-brown,"silt, sand, clay, sandstone, and lignite", , , ,"river, lake, swamp", , , ,0.00120558865231526,0.21228917819070997
147,Tb,Tertiary,Paleocene,Bullion Creek, ,200,yellowish brown,"silt, sand, clay, sandstone, and lignite", , , ,"river, lake, swamp", , , ,0.00109911725147763,0.249339011595191
91,Kbs,Cretaceous,Lower to Upper Cretaceous,"Belle Fourche,Mowry,Newcastle, Skull Crk", ,245,"light,medium to dk gray",silty to sandy shale,shale,fine-medium grained sandstone,shale,marine offshore,marine offhsore,marine shoreline and offshore,marine offshore,0.0007158842416465281,0.237194169508291
244,Tg,Tertiary,Eocene and Paleocene,Golden Valley Formation, ,80,Yellowish Brown;white / yellow,"micaceous sandstone, sand, silt, clay","clay, silt, sand", , ,fluvial,Weathering zone developed on Ts, , ,0.000386383782672184,0.10853756045931999
143,Kf,Cretaceous,Upper Cretaceous,Fox Hills Formation, ,120,olive brown,"sand, shale, and sandstone", , , ,marine shoreline and offshore, , , ,0.00279946955287034,0.234207250764532
75,Ts,Tertiary,Paleocene,Sentinel Butte Formation, ,200,grayish-brown,"silt, sand, clay, sandstone, and lignite", , , ,"river, lake, swamp", , , ,0.00326189073290162,0.416753520459417
233,Tg,Tertiary,Eocene or Paleocene,Golden Valley Formation, ,80,Yellowish Brown;white / yellow,"micaceous sandstone, sand, silt, clay","clay, silt, sand", , ,fluvial,Weathering zone developed on Ts, , ,0.0346012056815357,2.1572348802379397
150,Tc,Tertiary,Paleocene,Cannonball Formation, ,150,olive brown,"sand, shale, sandstone", , , ,marine shoreline and offshore, , , ,0.000461742898760384,0.126759157480816
141,Kp,Cretaceous,Upper Cretaceous,Pierre Formation, ,700,dark gray,shale, , , ,marine offshore, , , ,0.0023887006812162597,0.20077526408649501
130,Ts,Tertiary,Paleocene,Sentinel Butte Formation, ,200,grayish-brown,"silt, sand, clay, sandstone, and lignite", , , ,"river, lake, swamp", , , ,0.000106252623429824,0.049379798252832396
240,Tg,Tertiary,Eocene or Paleocene,Golden Valley Formation, ,80,Yellowish Brown;white / yellow,"micaceous sandstone, sand, silt, clay","clay, silt, sand", , ,fluvial,Weathering zone developed on Ts, , ,0.00019340738292416,0.0537911806103546
29,Ki,Cretaceous,Lower Cretaceous,Inyan Kara, ,135,"light gray, gray",fine to coarse sandstone and shale, , , ,"river, lake, nearshore marine", , , ,0.198465940457055,5.699232715535139
140,Kh,Cretaceous,Upper Cretaceous,Hell Creek Formation, ,150,gray,"sand, silt, clay, and sandstone", , , ,river, , , ,0.00949115303641907,0.44599048140617303
243,Tg,Tertiary,Eocene and Paleocene,Golden Valley Formation, ,80,Yellowish Brown;white / yellow,"micaceous sandstone, sand, silt, clay","clay, silt, sand", , ,fluvial,Weathering zone developed on Ts, , ,0.0006200584628217921,0.151155302060309
12,Kp,Cretaceous,Upper Cretaceous,Pierre Formation, ,700,dark gray,shale, , , ,marine offshore, , , ,0.057105323993832,3.35296786930435
127,Tc,Tertiary,Paleocene,Cannonball Formation, ,150,olive brown,"sand, shale, sandstone", , , ,marine shoreline and offshore, , , ,0.049152485692896396,2.46021770052958
106,Ts,Tertiary,Paleocene,Sentinel Butte Formation, ,200,grayish-brown,"silt, sand, clay, sandstone, and lignite", , , ,"river, lake, swamp", , , ,0.0012704192621522201,0.270687423686348
81,Kh,Cretaceous,Upper Cretaceous,Hell Creek Formation, ,150,gray,"sand, silt, clay, sandstone", , , ,river, , , ,0.0258049146377362,0.8421101782396899
222,Tg,Tertiary,Eocene or Paleocene,Golden Valley Formation, ,80,Yellowish Brown;white / yellow,"micaceous sandstone, sand, silt, clay","clay, silt, sand", , ,fluvial,Weathering zone developed on Ts, , ,0.0016405575380216602,0.210478626180617
137,Tb,Tertiary,Paleocene,Bullion Creek Formation, ,200,yellowish brown,"silt, sand, clay, sandstone, and lignite", , , ,"river, lake, swamp", , , ,0.0009275165131710161,0.137456820480981
111,Tc,Tertiary,Paleocene,Cannonball Formation, ,150,olive brown,"sand, shale, sandstone", , , ,marine shoreline and offshore, , , ,0.000257988667076736,0.06853037363399221
99,Kbs,Cretaceous,Lower to Upper Cretaceous,"Belle Fourche, Mowry, Newcastle, Skull C", ,245,"light, med. to dk gray",silty to sandy shale,shale,fine-medium grained sandstone,shale,marine offshore,marine offshore,marine shoreline and offshore,marine offshore,8.9684713233952e-5,0.07900914235811951
110,Kh,Cretaceous,Upper Cretaceous,Hell Creek Formation, ,150,gray,"sand, silt, clay, sandstone", , , ,river, , , ,0.0541504497553071,1.40678802940531
107,Tb,Tertiary,Paleocene,Bullion Creek Formation, ,200,yellowish brown,"silt, sand, clay, sandstone, and lignite", , , ,"river, lake, swamp", , , ,0.0006701477137957119,0.121871207588368
179,Tg,Tertiary,Eocene and Paleocene,Golden Valley Formation, ,80,Yellowish Brown;white / yellow,"micaceous sandstone, sand, silt, and cla","clay, silt, and sand", , ,fluvial,Weathering zone developed on Ts, , ,0.000142479400250496,0.0461020530096241
235,Tg,Tertiary,Eocene or Paleocene,Golden Valley Formation, ,80,Yellowish Brown;white / yellow,"micaceous sandstone, sand, silt, clay","clay, silt, sand", , ,fluvial,Weathering zone developed on Ts, , ,0.00012650514185504,0.050625135427192706
152,Tl,Tertiary,Paleocene,Ludlow Formation, ,100,"grayish brown, yellowish brown","silt, sand, clay, sandstone, lignite", , , ,"river, lake, swamp", , , ,0.000309041327972352,0.108269031494416
189,Tg,Tertiary,Eocene or Paleocene,Golden Valley Formation, ,80,Yellowish Brown;white / yellow,"micaceous sandstone, sand, silt, clay","clay, silt, sand", , ,fluvial,Weathering zone developed on Ts, , ,0.011903168989639999,0.8600201992113071
20,Kms,Cretaceous,Lower to Upper Cretaceous,"Mowry, Newcastle, and Skull Creek", ,140,light - Dark Gray,shale,fine-medium grained sandstone,shale, ,marine offshore,marine shoreline and offshore,marine offshore, ,0.30984397300848304,4.63898803937577
95,Tp,Tertiary,Paleocene,Slope Formation, ,100,"grayish-brown, yellowish-brown","silt, sand, clay, sandstone, and lignite", , , ,"river, lake, swamp", , , ,0.270765322041616,14.446776653294199
232,Tg,Tertiary,Eocene or Paleocene,Golden Valley Formation, ,80,Yellowish Brown;white / yellow,"micaceous sandstone, sand, silt, clay","clay, silt, sand", , ,fluvial,Weathering zone developed on Ts, , ,0.000231959294878912,0.0590080910997651
39,Ow,Ordovician, , ,Winnepeg Group,125,light gray to greenish gray,sandstone, , , ,marine nearshore and offshore, , , ,0.032845683185155905,1.13471704978922
193,Tg,Tertiary,Eocene or Paleocene,Golden Valley Formation, ,80,Yellowish Brown;white / yellow,"micaceous sandstone, sand, silt, and cla","clay, silt, sand", , ,fluvial,Weathering zone developed on Ts, , ,0.0020447238136623,0.304330925222833
119,Kf,Cretaceous,Upper Cretaceous,Fox Hills Formation, ,120,olive brown,"sand, shale, and sandstone", , , ,marine shoreline and offshore, , , ,0.00078727641154752,0.11307061757181901
151,Tp,Tertiary,Paleocene,Slope Formation, ,100,"grayish brown, yellowish brown","silt, sand, clay, sandstone, lignite", , , ,"river, lake, swamp", , , ,0.000340289608034048,0.107481992366726
36,Ts,Tertiary,Paleocene,Sentinel Butte Formation, ,200,grayish brown,"silt, sand, clay, sandstone, lignite", , , ,"river, lake, swamp", , , ,0.00368941378475715,0.25212827011907396
225,Tg,Tertiary,Eocene or Paleocene,Golden Valley Formation, ,80,Yellowish Brown;white / yellow,"micaceous sandstone, sand, silt, clay","clay, silt, sand", , ,fluvial,Weathering zone developed on Ts, , ,0.0010400515552864001,0.179046390037037
30,Kf,Cretaceous,Upper Cretaceous,Fox Hills Formation, ,120,olive brown,"sand, shale, and sandstone", , , ,mrine shoreine and offshore, , , ,0.00308651105629978,0.240700229062043
216,Tg,Tertiary,Eocene or Paleocene,Golden Valley Formation, ,80,Yellowish Brown;white / yellow,"micaceous sandstone, sand, silt, clay","clay, silt, sand", , ,fluvial,Weathering zone developed on Ts, , ,0.000222373163229408,0.07118636626684101
186,Tg,Tertiary,Eocene or Paleocene,Golden Valley Formation, ,80,Yellowish Brown;white / yellow,"micaceous sandstone, sand, silt, clay","clay, silt, sand", , ,fluvial,Weathering zone developed on Ts, , ,0.0034394012773831,0.445309041630137
59,Tb,Tertiary,Paleocene,Bullion Creek Formation, ,200,yellowish brown,"silt, sand, clay, sandstone, and lignite", , , ,"river, lake, swamp", , , ,0.0960027233082663,1.72244074047211
45,Tc,Tertiary,Paleocene,Cannonball Formation, ,150,olive brown,"sand, shale, sandstone", , , ,marine shoreline and offshore, , , ,0.0051681698192835804,0.34782926106552
76,Tw,Tertiary,Oligocene,Brule and Chadron Formation,White River,80,pinkish; light colored,"siltstone, clay, and sand",sand with quartzite and porphyry pebbles,overlain by dark clay, ,river and lake,river and lake, , ,0.00019713419120398403,0.0547715419168573
114,Kf,Cretaceous,Upper Cretaceous,Fox Hills Formation, ,120,olive brown,"sand, shale, and sandstone", , , ,marine shoreline and offshore, , , ,0.010997085476715102,0.42152923589881997
198,Tg,Tertiary,Eocene or Paleocene,Golden Valley Formation, ,80,Yellowish Brown;white / yellow,"micaceous sandstone, sand, silt, clay","clay, silt, sand", , ,fluvial,Weathering zone developed on Ts, , ,0.00048622952331008,0.0975055997197934
135,Kf,Cretaceous,Upper Cretaceous,Fox Hills Formation, ,120,olive brown,"sand, shale, and sandstone", , , ,marine shoreline and offshore, , , ,0.0241476533282857,0.747254629041787
79,Ts,Tertiary,Paleocene,Sentinel Butte Formation, ,200,grayish-brown,"silt, sand, clay, sandstone, and lignite", , , ,"river, lake, swamp", , , ,0.0017724284316501101,0.261228279205327
251,pC,PreCambrian,unnamed,unnamed, ,0,various,Igneous,Metamorphic,See source document for details, , , , , ,0.162281441657914,5.10348397401647
132,Kh,Cretaceous,Upper Cretaceous,Hell Creek Formation, ,150,gray,"sand, silt, clay, and sandstone", , , ,river, , , ,0.000619089503221312,0.11562949258819999
8,Kp,Cretaceous,Upper Cretaceous,Pierre Formation, ,700,dark gray,shale, , , ,marine offshore, , , ,0.004535606813907971,0.37648015835827403
83,Tp,Tertiary,Paleocene,Slope Formation, ,100,"grayish-brown, yellowish brown","silt, sand, clay, sandstone, and lignite", , , ,"river, lake, and swamp", , , ,0.00355794182589645,0.423116433167109
44,Kh,Cretaceous,Upper Cretaceous,Hell Creek Formation, ,150,gray,"sand, silt, clay, and sandstone", , , ,river, , , ,0.0635628708563998,2.09298566944988
113,Kh,Cretaceous,Upper Cretaceous,Hell Creek Formation, ,150,gray,"sand, silt, clay, and sandstone", , , ,river, , , ,0.005820339282628,0.322705772433092
207,Tg,Tertiary,Eocene or Paleocene,Golden Valley Formation, ,80,Yellowish Brown;white / yellow,"micaceous sandstone, sand, silt, clay","clay, silt, sand", , ,fluvial,Weathering zone developed on Ts, , ,0.000301881041217216,0.0802225617487776
161,Tw,Tertiary,Oligocene,Brule and Chadron Formations,White River,80,pinkish; light colored,"siltstone, clay, and sand",sand with quartzite and porphyry pebbles,overlain by dark clay, ,river and lake,river and lake, , ,0.000250696974066304,0.09614906026470711
164,Tw,Tertiary,Oligocene,Brule and Chadron Formations,White River,80,pinkish; light colored,"siltstone, clay, sand",sand with quartzite and porphyry pebbles,overlain by dark clay, ,river and lake,river and lake, , ,0.0007120299059081921,0.123594043477983
214,Tg,Tertiary,Eocene or Paleocene,Golden Valley Formation, ,80,Yellowish Brown;white / yellow,"micaceous sandstone, sand, silt, clay","clay, silt, sand", , ,fluvial,Weathering zone developed on Ts, , ,0.00074060766468352,0.193065121632477
212,Tg,Tertiary,Eocene or Paleocene,Golden Valley Formation, ,80,Yellowish Brown;white / yellow,"micaceous sandstone, sand, silt, clay","clay, silt, sand", , ,fluvial,Weathering zone developed on Ts, , ,0.000149441832878336,0.0484310229579236
219,Tg,Tertiary,Eocene or Paleocene,Golden Valley, ,80,Yellowish Brown;white / yellow,"micaceous sandstone, sand, silt, clay","clay, silt, sand", , ,fluvial,Weathering zone developed on Ts, , ,0.00025584156579084796,0.0619256135087218
11,Kh,Cretaceous,Upper Cretaceous,Hell Creek Formation, ,150,gray,"sand, silt, clay, and sandstone", , , ,river, , , ,0.6967557187051691,26.800150856679497
46,Tc,Tertiary,Paleocene,Cannonball Formation, ,150,olive brown,"sand, shale, sandstone", , , ,"marine shoreline, offshore", , , ,0.015612581180177401,0.517208493278595
98,Kh,Cretaceous,Upper Cretaceous,Hell Creek Formation, ,150,gray,"sand, silt, clay, and sandstone", , , ,river, , , ,0.00268499393828659,0.315302320419159
175,Tg,Tertiary,Eocene and Paleocene,Golden Valley Formation, ,80,Yellowish Brown;white / yellow,"micaceous sandstone, sand, silt, and cla","clay, silt, and sand", , ,fluvial,Weathering zone developed on Ts, , ,0.00042201065275731197,0.110637983561681
38,Or,Ordovician, ,Red River Formation, ,215,yellowish to brownish gray,limestone and dolomite, , , ,offshore marine, , , ,0.012150889817581301,0.854841635793841
139,Kf,Cretaceous,Upper Cretaceous,Fox Hills Formation, ,120,olive brown,"sand,shale, and sandstone", , , ,marine shoreline and offshore, , , ,0.00414571101138202,0.252873586441841
73,Kf,Cretaceous,Upper Cretaceous,Fox Hills Formation, ,120,olive brown,"sand, shale, and sandstone", , , ,marine shoreline and offshore, , , ,0.477924767813299,9.70695156818484
180,Tg,Tertiary,Eocene or Paleocene,Golden Valley Formation, ,80,Yellowish Brown;white / yellow,"micaceous sandstone, sand, silt, clay","clay, silt, sand", , ,fluvial,Weathering zone developed on Ts, , ,0.00104610003921946,0.165048236137844
167,Tg,Tertiary,Eocence and Paleocene,Golden Valley Formation, ,80,Yellowish Brown;white / yellow,"micaceous sandstone, sand, silt, and cla","clay, silt, and sand", , ,fluvial,Weathering zone developed on Ts, , ,0.00410100323114458,0.259810675029481
247,Tg,Tertiary,Eocene or Paleocene,Golden Valley Formation, ,80,Yellowish Brown;white / yellow,"micaceous sandstone, sand, silt, clay","clay, silt, sand", , ,fluvial,Weathering zone developed on Ts, , ,8.4962194889952e-5,0.035767865212513496
69,Ts,Tertiary,Paleocene,Sentinel Butte Formation, ,200,grayish-brown,"silt, sand, clay, sandstone, and lignite", , , ,"river, lake, swamp", , , ,0.0007565339337469441,0.13962724065506402
21,Kf,Cretaceous,Upper Cretaceous,Fox Hills Formation, ,120,olive brown,"sand, shale, and sandstone", , , ,marine shoreline and offshore, , , ,0.00135575009972877,0.14499425060781398
108,Tm,Tertiary,Upper and Middle Tertiary,"Tertiary, Undivided", ,120, ,"sandstone or limestone, butte caprock", , , ,fluvial or lacustrine, , , ,0.000206771297386528,0.0665045276295269
178,Tg,Tertiary,Eocene and Paleocene,Golden Valley Formation, ,80,Yellowish Brown;white / yellow,"micaceous sandstone, sand, silt, and cla","clay, silt, and sand", , ,fluvial,Weathering zone developed on Ts, , ,0.00010843478445129601,0.038554644724702804
68,Ts,Tertiary,Paleocene,Sentinel Butte Formation, ,200,grayish-brown,"silt, sand, clay, sandstone, and lignite", , , ,"river, lake, swamp", , , ,0.00186761263708954,0.257636317594863
138,Kf,Cretaceous,Upper Cretaceous,Fox Hills Formation, ,120,olive brown,"sand, shale, sandstone", , , ,marine shoreline and offshore, , , ,0.0011411759311959,0.142286149994302
248,Tg,Tertiary,Eocene or Paleocene,Golden Valley Formation, ,80,Yellowish Brown;white / yellow,"micaceous sandstone, sand, silt, clay","clay, silt, sand", , ,fluvial,Weathering zone developed on Ts, , ,0.000107502124899504,0.0414543071226142
96,Ki,Cretaceous,Lower Cretaceous,Inyan Kara, ,135,"light gray, gray",fine to coarse sandstone; shale, , , ,"river, lake, nearshore marine", , , ,0.0024309677955561,0.416385989208515
199,Tg,Tertiary,Eocene or Paleocene,Golden Valley Formation, ,80,Yellowish Brown;white / yellow,"micaceous sandstone, sand, silt, clay","clay, silt, sand", , ,fluvial,Weathering zone developed on Ts, , ,0.000443560577860736,0.0825155877844268
231,Tg,Tertiary,Eocene or Paleocene,Golden Valley Formation, ,80,Yellowish Brown;white / yellow,"micaceous sandstone sand, silt, clay","clay, silt, sand", , ,fluvial,Weathering zone developed on Ts, , ,0.000276556330066776,0.0880532395448318
226,Tg,Tertiary,Eocene or Paleocene,Golden Valley Formation, ,0,Yellowish Brown;white / yellow,"micaceous sandstone, sand, silt, clay","clay, silt, sand", , ,fluvial,Weathering zone developed on Ts, , ,0.000398505541330008,0.0868661554127077
50,Kh,Cretaceous,Upper Cretaceous,Hell Creek Formation, ,150,gray,"sand, silt, clay, and sandstone", , , ,river, , , ,0.00708047925130973,0.341667351037445
126,Tb,Tertiary,Paleocene,Bullion Creek Formation, ,200,yellowish brown,"silt, sand, clay, sandstone, and lignite", , , ,"river, lake, swamp", , , ,0.0006261140113364479,0.140672467059794
37,Kh,Cretaceous,Upper Cretaceous,Hell Creek Foramtion, ,150,gray,"sand, silt, clay, and sandstone", , , ,river, , , ,0.0417570710593225,1.06271639517799
149,Kp,Cretaceous,Upper Cretaceous,Pierre Formation, ,700,dark gray,shale, , , ,marine offshore, , , ,0.0015541185993194202,0.200246468880092
63,Ts,Tertiary,Paleocene,Sentinel Butte Formation, ,200,grayish-brown,"silt, sand, clay, sandstone, and lignite", , , ,"river, lake, swamp", , , ,0.00033504634536307205,0.0848643750597999
61,Kbs,Cretaceous,Lower to Upper Cretaceous,"Belle Fourche,Mowry, Newcastle, Skull Cr", ,245,"light,medium to dk gray",silty to sandy shale,shale,fine-medium grained sandstone,shale,marine offshore,marine offshore,marine shoreline and offshore,marine offshore,0.402789128741403,6.29168253107744
55,Tc,Tertiary,Paleocene,Cannonball Formation, ,150,olive brown,"sand, shale, sandstone", , , ,"marine shoreline, offshore", , , ,0.00207904303847078,0.315502524261157
112,Kh,Cretaceous,Upper Cretaceous,Hell Creek Formation, ,150,gray,"sand, silt, clay, and sandstone", , , ,river, , , ,0.00394155326583232,0.261575412395663
54,Tm,Tertiary,Upper and Middle Tertiary,"Tertiary, Undivided", ,120, ,"sandstone or limestone, butte caprock", , , ,fluvial or lacustrine, , , ,0.00101732918027507,0.14728510307044101
3,Kf,Cretaceous,Upper Cretaceous,Fox Hills Formation, ,120,olive brown,"sand, shale, sandstone", , , ,marine shoreline and offshore, , , ,1.78467364301936,29.5616980301129
84,Ts,Tertiary,Paleocene,Sentinel Butte Formation, ,200,grayish-brown,"silt, sand, clay, sandstone, and lignite", , , ,"river, lake, swamp", , , ,0.00280605420621672,0.336006770053157
229,Tg,Tertiary,Eocene or Paleocene,Golden Valley Formation, ,80,Yellowish Brown;white / yellow,"micaceous sandstone, sand, silt, clay","clay, silt, sand", , ,fluvial,Weathering zone developed on Ts, , ,0.00013165439301140801,0.048386076838663104
194,Tg,Tertiary,Eocene or Paleocene,Golden Valley Formation, ,80,Yellowish Brown;white / yellow,"micaceous sandstone, sand, silt, clay","clay, silt, sand", , ,fluvial,Weathering zone developed on Ts, , ,0.00028710062885036803,0.0770197932284441
192,Tg,Tertiary,Eocene or Paleocene,Golden Valley Formation, ,80,Yellowish Brown;white / yellow,"micaceous sandstone, sand, silt, clay","clay, silt, sand", , ,fluvial,Weathering zone developed on Ts, , ,8.062830343839999e-5,0.0410260766886796
224,Tg,Tertiary,Eocene or Paleocene,Golden Valley Formation, ,80,Yellowish Brown;white / yellow,"micaceous sandstone, sand, silt, clay","clay, silt, sand", , ,fluvial,Weathering zone developed on Ts, , ,0.000176337527917106,0.0549964186931424
204,Tg,Tertiary,Eocene or Paleocene,Golden Valley Formation, ,80,Yellowish Brown;white / yellow,"micaceous sandstone, sand, silt, clay","clay, silt, sand", , ,fluvial,Weathering zone developed on Ts, , ,0.000195200737817696,0.0584218839779937
163,Tw,Tertiary,Oligocene,Brule and Chadron,White River,80,pinkish; light colorer,"siltstone, clay, and sand",sand with quartzite and porphyry pebbles,overlain by dark clay, ,river and lake,river and lake, , ,0.000692362264885952,0.121933455630922
174,Tg,Tertiary,Eocene and Paleocene,Golden Valley Formation, ,80,Yellowish Brown;white / yellow,"micaceous sandstone, sand, silt and clay","clay, silt, and sand", , ,fluvial,Weathering zone developed on Ts, , ,0.00020085846370729199,0.0580777827273582
78,Tc,Tertiary,Paleocene,Cannonball Formation, ,150,olive brown,"sand, shale, sandstone", , , ,marine shoreline and offshore, , , ,0.00865416944466269,0.39650833630104904
177,Tg,Tertiary,Eocene and Paleocene,Golden Valley Formation, ,80,Yellowish Brown;white / yellow,"micaceous sandstone, sand, silt, and cla","clay, silt, and sand", , ,fluvial,Weathering zone developed on Ts, , ,0.00023720338355732,0.0624660177230159
120,Ts,Tertiary,Paleocene,Sentinel Butte Formation, ,200,grayish-brown,"silt, sand, clay, sandstone, and lignite", , , ,"river, lake, swamp", , , ,0.00124207553836656,0.20041536223050602
103,Tb,Tertiary,Paleocene,Bullion Creek Formation, ,200,yellowish brown,"silt, sand, clay, sandstone, and lignite", , , ,"river, lake, swamp", , , ,0.00011323346695129601,0.0466632357555743
5,Kn,Cretaceous,Upper Cretaceous,Niobrara Formation, ,75,light brown-dark gray,calcareous shale, , , ,marine offshore, , , ,0.478335561003017,10.2340908476253
93,Kbs,Cretaceous,Lower to Upper Cretaceous,"Belle Fourche,Mowry, Newcastle, Skull Cr", ,245,"light, medium, to dk gray",silty to sandy shale,shale,fine-medium grained sandstone,shale,marine offshore,marine offshore,marine shoreline and offshore,marine offshore,0.0136082925688428,0.5338122619566891
144,Kp,Cretaceous,Upper Cretaceous,Pierre Formation, ,700,dark gray,shale, , , ,marine offshore, , , ,0.0124079850756769,0.590359458187154
33,Kn,Cretaceous,Upper Cretaceous,Niobrara Formation, ,75,light brown to dk gray,calcareous shale, , , ,marine offshore, , , ,0.00935927972071014,1.28347482627993
14,Tc,Tertiary,Paleocene,Cannonball Formation, ,150,olive brown,"sand, shale, sandstone", , , ,marine shoreline and offshore, , , ,0.0205608753308931,0.9472145023074421
166,Tg,Tertiary,Eocene and Paleocene,Golden Valley Formation, ,80,Yellowish Brown;white / yellow,"micaceous sandstone, sand, silt, clay","clay, silt, and sand", , ,fluvial,Weathering zone developed on Ts, , ,0.00549499927322438,0.30211619911945603
202,Tg,Tertiary,Eocene or Paleocene,Golden Valley Formation, ,80,Yellowish Brown;white / yellow,"micaceous sandstone, sand, silt, clay","clay, silt, sand", , ,fluvial,Weathering zone developed on Ts, , ,0.000400399240511296,0.09421031725160571
125,Kh,Cretaceous,Upper Cretaceous,Hell Creek Formation, ,150,gray,"sand, silt, clay, and sandstone", , , ,river, , , ,0.00453270674031885,0.274813691595524
121,Kf,Cretaceous,Upper cretaceous,Fox Hills Formation, ,120,olive brown,"sand, shale, and sandstone", , , ,marine shoreline and offshore, , , ,0.0720020193901098,1.5723120434078
32,Tb,Tertiary,Paleocene,Bullion Creek, ,200,yellowish brown,"silt, sand, clay, sandstone, and lignite", , , ,"river, lake, swamp", , , ,0.006484203353470531,0.477929067404404
6,Kc,Cretaceous,Upper Cretaceous,Carlile Formation, ,120,dark gray,shale, , , ,marine offshore, , , ,0.608061226423677,10.2077633030849
234,Tg,Tertiary,Eocene or Paleocene,Golden Valley Formation, ,80,Yellowish Brown;white / yellow,"micaceous sandstone, sand, silt, clay","clay, silt, sand", , ,fluvial,Weathering zone developed on Ts, , ,0.00018608401764902402,0.0534772454189898
187,Tg,Tertiary,Eocene or Paleocene,Golden Valley, ,80,Yellowish Brown;white / yellow,"micaceous sandstone, sand, silt, clay","clay, silt, sand", , ,fluvial,Weathering zone developed on Ts, , ,4.69378425206e-5,0.0306587018525673
169,Tg,Tertiary,Eocene and Paleocene,Golden Valley Formation, ,80,Yellowish Brown;white / yellow,"micaceous sandstone, sand, silt, and cla","clay, silt, and sand", , ,fluvial,Weathering zone developed on Ts, , ,0.004242531362101651,0.271732182592435
94,Tp,Tertiary,Paleocene,Slope Formation, ,100,"grayish-brown, yellowish-brown","silt, sand, clay, sandstone, and lignite", , , ,"river, lake, swamp", , , ,0.0046039378322544604,0.364141923290047
206,Tg,Tertiary,Eocene or Paleocene,Golden Valley Formation, ,80,Yellowish Brown;white / yellow,"micaceous sandstone, sand, silt, clay","clay, silt, sand", , ,fluvial,Weathering zone developed on Ts, , ,0.0009574531916807361,0.161062802683015
28,Tb,Tertiary,Paleocene,Bullion Creek Formation, ,200,yellowish brown,"silt, sand, clay, sandstone and lignite", , , ,"river, lake, swamp", , , ,0.059923309731647,1.19629917488722
208,Tg,Tertiary,Eocene or Paleocene,Golden Valley Formation, ,80,Yellowish Brown;white / yellow,"micaceous sandstone, sand, silt, clay","clay, silt, sand", , ,fluvial,Weathering zone developed on Ts, , ,0.000150018680825632,0.0555069804034643
196,Tg,Tertiary,Eocene or Paleocene,Golden Valley Formation, ,80,Yellowish Brown;white / yellow,"micaceous sandstone, sand, silt, clay","clay, silt, sand", , ,fluvial,Weathering zone developed on Ts, , ,0.000491205221069312,0.08940095618419801
43,Kn,Cretaceous,Upper Cretaceous,Niobrara Formation, ,75,light brown to dark gray,calcareous shale, , , ,marine offshore, , , ,0.0012611143149660502,0.262972895044649
190,Tg,Tertiary,Eocene or Paleocene,Golden Valley, ,80,Yellowish Brown;white / yellow,"micaceous sandstone, sand, silt, clay","clay, silt, sand", , ,fluvial,Weathering zone developed on Ts, , ,0.000225049455039236,0.0637197113206771
18,Kb,Upper Cretaceous,Lower to Upper Cretaceous,Belle Fourche, ,105,Medium - Dark Gray,silty to sandy shale, , , ,marine offshore, , , ,0.29165314441188306,4.9377860442106
90,Kh,Cretaceous,Upper Cretaceous,Hell Creek Formation, ,150,gray,"sand, silt, clay, and sandstone", , , ,river, , , ,0.051803426668415406,1.45686603240825
53,Ts,Tertiary,Paleocene,Sentinel Butte Formation, ,200,grayish-brown,"silt, sand, clay, sandstone, and lignite", , , ,"river, lake, swamp", , , ,0.0153320000048023,0.56178173421061
13,Tc,Tertiary,Paleocene,Cannonball Formation, ,150,olive brown,"sand, shale, sandstone", , , ,marine shoreline and offshore, , , ,0.0342024314757208,1.13019625914896
35,Tc,Tertiary,Paleocene,Cannonball Formation, ,150,olive brown,"sand, shale, sandstone", , , ,"marine shoreline, offshore", , , ,0.00721596472755853,0.343237161652819
116,Kp,Cretaceous,Upper Cretaceous,Pierre Formation, ,700,dark gray,shale, , , ,marine offshore, , , ,0.021134509712417402,1.02488348755203
52,Ts,Tertiary,Paleocene,Sentinel Butte Formation, ,200,grayish-brown,"silt, sand, clay, sandstone, and lignite", , , ,"river, lake, swamp", , , ,0.000647759405589568,0.153359631915648
165,Tw,Tertiary,Oligocene,Brule and Chadron,White River,80,pinkish; light colored,"siltstone, clay, and sand",sand with quartzite and porphyry pebbles,overlain by dark clay, ,river and lake,river and lake, , ,0.00195326770723226,0.235725135243945
19,Ju,Jurassic,Undifferentiated Jurassic,Undifferentiated Jurassic sediments, ,180,"dark gray, greenish, varicolor",shale w/ local limestone (Swift & Rierdo, , , ,mainly nearshore marine, , , ,0.17390624381462902,3.1752033860064697
49,Ts,Tertiary,Paleocene,Sentinel Butte Formation, ,200,grayish-brown,"silt, sand, clay, sandstone and lignite", , , ,"river, lake, and swamp", , , ,0.0008986232523880961,0.141251551862239
47,Kp,Cretaceous,Upper Cretaceous,Pierre Formation, ,700,dark gray,shale, , , ,marine offshore, , , ,0.00508196456635488,0.343310429293042
124,Kf,Cretaceous,Upper Cretaceous,Fox Hills Formation, ,120,olive brown,"sand, shale, and sandstone", , , ,marine shoreline and offshore, , , ,0.00139282614384691,0.18092192916685101
203,Tg,Tertiary,Eocene or Paleocene,Golden Valley Formation, ,80,Yellowish Brown;white / yellow,"micaceous sandstone, sand, silt, clay","clay, silt, sand", , ,fluvial,Weathering zone developed on Ts, , ,0.0041095483703984794,0.529193062043457
191,Tg,Tertiary,Eocene or Paleocene,Golden Valley Formation, ,80,Yellowish Brown;white / yellow,"micaceous sandstone, sand, silt, clay","clay, silt, or sand", , ,fluvial,Weathering zone developed on Ts, , ,0.000246364461267112,0.0644697381932131
60,Tc,Tertiary,Paleocene,Cannonball Formation, ,150,olive brown,"sand, shale, sandstone", , , ,marine shoreline and offshore, , , ,0.0036194004100117104,0.28607033280385896
201,Tg,Tertiary,Eocene or Paleocene,Golden Valley Formation, ,80,Yellowish Brown;white / yellow,"micaceous sandstone, sand, silt, clay","clay, silt, sand", , ,fluvial,Weathering zone developed on Ts, , ,0.014740214467671,0.834245628001769
82,Tc,Tertiary,Paleocene,Cannonball Formation, ,150,olive brown,"sand, shale, sandstone", , , ,marine shoreline and offshore, , , ,0.035603807366536,1.15263384839962
241,Tg,Tertiary,Eocene and Paleocene,Golden Valley Formation, ,80,Yellowish Brown;white / yellow,"micaceous sandstone, sand, silt, clay","clay, silt, sand", , ,fluvial,Weathering zone developed on Ts, , ,0.000411695591265536,0.0833747227310723
159,Tw,Tertiary,Oligocene,Brule and Chadron Formations,White River,80,pinkish; light colored,"siltstone, clay, and sand",sand with quartzite and porphyry pebbles,overlain by dark clay, ,river and lake,river and lake, , ,0.0005285219667678399,0.10113578640878201
176,Tg,Tertiary,Eocene and Paleocene,Golden Valley Formation, ,80,Yellowish Brown;white / yellow,"micaceous sandstone, sand, silt, and cla","clay, silt, and sand", , ,fluvial,Weathering zone developed on Ts, , ,0.000133946605277928,0.0469082563003941
218,Tg,Tertiary,Eocene or Paleocene,Golden Valley Formation, ,80,Yellowish Brown;white / yellow,"micaceous sandstone, sand, silt, clay","clay, silt, sand", , ,fluvial,Weathering zone developed on Ts, , ,0.00015587982972547202,0.047202518722071006
238,Tg,Tertiary,Eocene or Paleocene,Golden Valley Formation, ,80,Yellowish Brown;white / yellow,"micaceous sandstone, sand, silt, clay","clay, silt, sand", , ,fluvial,Weathering zone developed on Ts, , ,0.000577529936394752,0.105469847529741
66,Ts,Tertiary,Paleocene,Sentinel Butte Formation, ,200,grayish brown,"silt, sand, clay, sandstone, and lignite", , , ,"river, lake, swamp", , , ,0.0008355348000312961,0.14146979051036102
97,Kf,Cretaceous,Upper Cretaceous,Fox Hills Formation, ,120,olive brown,"sand, shale, sandstone", , , ,marine shoreline and offshore, , , ,0.000857772202687584,0.119721932688095
26,Ts,Tertiary,Palocene,Sentinel Butte Formation, ,200,grayish-brown,"silt, sand, clay, sandstone, and lignite", , , ,"river, lake, and swamp", , , ,4.4847864722357,42.346960408509595
223,Tg,Tertiary,Eocene or Paleocene,Golden Valley Formation, ,80,Yellowish Brown;white / yellow,"micaceous sandstone, sand, silt, clay","clay, silt, sand", , ,fluvial,Weathering zone developed on Ts, , ,0.00095668037319424,0.13082287435030301
185,Tg,Tertiary,Eocene or Paleocene,Golden Valley Formation, ,80,Yellowish Brown;white / yellow,"micaceous sandstone, sand, silt, clay","clay, silt, sand", , ,fluvial,Weathering zone developed on Ts, , ,0.00111746492736378,0.158547269465143
168,Tg,Tertiary,Eocene and Paleocene,Golden Valley Formation, ,80,Yellowish Brown;white / yellow,"micaceous sandstone, sand, silt and clay","clay, silt and sand", , ,fluvial sediment,Weathering zone developed on Ts, , ,0.000981633532891952,0.124671451775762
104,Tb,Tertiary,Paleocene,Bullion Creek Formation, ,200,yellowish brown,"silt, sand, clay, sandstone, and lignite", , , ,"river, lake, swamp", , , ,0.000414981924000544,0.09410919479728
42,Kh,Cretaceous,Upper Cretaceous,Hell Creek Formation, ,150,gray,"sand, silt, clay, and sandstone", , , ,river, , , ,0.019553880769792198,0.818511967629325
115,Kf,Cretaceous,Upper Cretaceous,Fox Hills Formation, ,120,olive brown,"sand, shale, and sandstone", , , ,marine shoreline and offshore, , , ,0.021139304745342098,1.67239894399483
